timestamp,timestamp_sample,gyro_device_id,gyro_bias[0],gyro_bias[1],gyro_bias[2],gyro_bias_limit,gyro_bias_variance[0],gyro_bias_variance[1],gyro_bias_variance[2],accel_device_id,accel_bias[0],accel_bias[1],accel_bias[2],accel_bias_limit,accel_bias_variance[0],accel_bias_variance[1],accel_bias_variance[2],mag_device_id,mag_bias[0],mag_bias[1],mag_bias[2],mag_bias_limit,mag_bias_variance[0],mag_bias_variance[1],mag_bias_variance[2],gyro_bias_valid,gyro_bias_stable,accel_bias_valid,accel_bias_stable,mag_bias_valid,mag_bias_stable
80325555,80218599,2424842,-0.0033130362,0.0082790665,0.0014601187,0.15,2.0036862e-07,1.9961702e-07,9.277223e-07,2424842,-0.0035004362,0.0023702278,-0.024854101,0.4,0.0061135907,0.006108438,2.2429695e-05,8944899,-0.043879498,-0.01645198,0.020629754,0.5,0.0011721419,0.0007971765,0.001250287,1,1,1,0,1,0
81332009,81226441,2424842,-0.0033130401,0.0083100535,0.0014597505,0.15,2.0134465e-07,2.0037938e-07,9.382364e-07,2424842,-0.0034367521,0.0023770977,-0.024829073,0.4,0.0061136466,0.006108487,2.2184562e-05,8944899,-0.043916952,-0.01650327,0.020631423,0.5,0.0011720243,0.0007964784,0.001250261,1,1,1,0,1,0
82339947,82234321,2424842,-0.0033070638,0.008325309,0.0014591835,0.15,2.022886e-07,2.0114518e-07,9.4876793e-07,2424842,-0.0034042823,0.002358435,-0.024888419,0.4,0.0061137048,0.006108544,2.1952017e-05,8944899,-0.04391931,-0.01647081,0.020684194,0.5,0.0011719187,0.0007959767,0.0012502038,1,1,1,0,1,0
83348432,83242019,2424842,-0.0033070045,0.008340729,0.0014585998,0.15,2.011765e-07,1.9980818e-07,9.592968e-07,2424842,-0.0033982438,0.0023357472,-0.025039611,0.4,0.00611377,0.0061086086,2.1672487e-05,8944899,-0.04393027,-0.016393656,0.020764269,0.5,0.0011718253,0.00079551426,0.0012501694,1,1,1,0,1,0
84355507,84249859,2424842,-0.0033108871,0.008355093,0.0014583312,0.15,2.0180559e-07,2.0034142e-07,9.698551e-07,2424842,-0.003383175,0.0023274142,-0.025097957,0.4,0.006113836,0.0061086803,2.1454269e-05,8944899,-0.04395035,-0.016348591,0.020840252,0.5,0.0011717477,0.0007952314,0.0012501262,1,1,1,0,1,0
85363130,85257685,2424842,-0.0033226311,0.008377468,0.0014580627,0.15,2.0234681e-07,2.0084839e-07,9.804226e-07,2424842,-0.0033500597,0.0023389652,-0.025113225,0.4,0.006113892,0.0061087515,2.1243764e-05,8944899,-0.04393405,-0.016257409,0.020914324,0.5,0.0011716267,0.00079498556,0.0012500705,1,1,1,0,1,0
85825243,85719513,2424842,-0.0033304002,0.0083769765,0.0014586652,0.15,2.0314722e-07,2.016065e-07,9.852405e-07,2424842,-0.0033718639,0.0023618792,-0.02514828,0.4,0.0061138584,0.0061087506,2.116514e-05,8944899,-0.043448314,-0.01560309,0.02159907,0.5,0.0011701708,0.0007940549,0.0012476653,1,0,1,0,1,0
86172771,86065976,2424842,-0.0033427028,0.008369563,0.0014596332,0.15,2.0284058e-07,2.0127665e-07,9.888271e-07,2424842,-0.0033648657,0.0022985537,-0.02510246,0.4,0.0061138174,0.006108727,2.108201e-05,8944899,-0.04175529,-0.012837765,0.021995598,0.5,0.0011689194,0.00079006754,0.0012397821,1,0,1,0,1,0
86234886,86128963,2424842,-0.0033427041,0.008369565,0.0014596332,0.15,2.0350183e-07,2.019379e-07,9.894882e-07,2424842,-0.00335758,0.0023007928,-0.025077105,0.4,0.006113823,0.0061087324,2.1085581e-05,8944899,-0.040814023,-0.0124085015,0.020898018,0.5,0.0011679494,0.0007898595,0.0012385953,1,0,1,0,1,0
86308366,86202412,2424842,-0.0033427055,0.008369567,0.0014596332,0.15,2.0427252e-07,2.0270859e-07,9.902587e-07,2424842,-0.0033521713,0.0023023512,-0.02505873,0.4,0.0061138296,0.006108739,2.1087511e-05,8944899,-0.0418338,-0.013044947,0.022115937,0.5,0.001165749,0.00078937865,0.0012358384,1,0,1,0,1,0
86371236,86265426,2424842,-0.0033506472,0.008357121,0.0014631785,0.15,2.0307735e-07,2.0133615e-07,9.907549e-07,2424842,-0.0033824947,0.002240072,-0.025073232,0.4,0.0061137932,0.0061086975,2.1042064e-05,8944899,-0.041202467,-0.011662002,0.022074632,0.5,0.0011651767,0.000787032,0.0012336365,1,0,1,0,1,0
86444880,86338870,2424842,-0.0033506497,0.0083571235,0.0014631784,0.15,2.0384796e-07,2.0210676e-07,9.915253e-07,2424842,-0.0033745477,0.0022421537,-0.025046451,0.4,0.0061137998,0.006108704,2.1046628e-05,8944899,-0.040962912,-0.012466594,0.020556673,0.5,0.0011646362,0.0007842901,0.0012273594,1,0,1,0,1,0
86581203,86475370,2424842,-0.0033644785,0.00835596,0.0014681332,0.15,2.0342345e-07,2.0143736e-07,9.926744e-07,2424842,-0.0034720926,0.0023146474,-0.025053153,0.4,0.006113646,0.0061085443,2.100272e-05,8944899,-0.03972439,-0.012383572,0.020810364,0.5,0.0011607634,0.00077990774,0.0012223664,1,0,1,0,1,0
86654938,86548864,2424842,-0.0033644845,0.008355966,0.0014681328,0.15,2.0419509e-07,2.02209e-07,9.93446e-07,2424842,-0.003459554,0.002318533,-0.025011068,0.4,0.0061136526,0.006108551,2.1004858e-05,8944899,-0.03907188,-0.012333913,0.019476738,0.5,0.001159585,0.0007776159,0.0012187592,1,0,1,0,1,0
86717763,86611810,2424842,-0.0033644866,0.008355968,0.0014681327,0.15,2.0485545e-07,2.0286936e-07,9.941061e-07,2424842,-0.0034562289,0.0023198328,-0.02500011,0.4,0.0061136577,0.0061085564,2.1008269e-05,8944899,-0.040181484,-0.011392635,0.019735599,0.5,0.0011584142,0.00077677186,0.0012175331,1,0,1,0,1,0
86927724,86821848,2424842,-0.0033717067,0.008340573,0.0014755809,0.15,2.05219e-07,2.0298458e-07,9.958875e-07,2424842,-0.0035771234,0.0021611983,-0.024992375,0.4,0.0061134347,0.006108262,2.0969364e-05,8944899,-0.04032834,-0.009716778,0.020005522,0.5,0.0011523602,0.0007676961,0.0012095855,1,0,1,0,1,0
86990710,86884749,2424842,-0.003378919,0.008335871,0.0014794325,0.15,2.0403758e-07,2.015379e-07,9.96007e-07,2424842,-0.0037407137,0.0020977654,-0.025056578,0.4,0.0061128587,0.0061075594,2.0924026e-05,8944899,-0.039005984,-0.008454716,0.021069946,0.5,0.0011484122,0.00076199,0.0012084745,1,0,1,0,1,0
87064212,86958320,2424842,-0.0033789247,0.008335875,0.0014794318,0.15,2.0481083e-07,2.0231116e-07,9.967802e-07,2424842,-0.0037343302,0.0021021783,-0.025035564,0.4,0.006112865,0.006107566,2.0926174e-05,8944899,-0.040246543,-0.00748714,0.02242188,0.5,0.0011455464,0.0007583062,0.0012046329,1,0,1,0,1,0
87127091,87021267,2424842,-0.0033789247,0.008335875,0.0014794315,0.15,2.0547124e-07,2.0297156e-07,9.974405e-07,2424842,-0.0037343272,0.0021021655,-0.025035564,0.4,0.0061128708,0.0061075715,2.092958e-05,8944899,-0.040995546,-0.0062534246,0.0220619,0.5,0.0011436086,0.0007564153,0.0012034345,1,0,1,0,1,0
87200895,87094743,2424842,-0.0033905027,0.008326332,0.0014831958,0.15,2.0433508e-07,2.0169983e-07,9.980805e-07,2424842,-0.0040303837,0.0019182538,-0.025058763,0.4,0.006111863,0.0061064223,2.0885405e-05,8944899,-0.04039732,-0.0052546836,0.021478765,0.5,0.0011416809,0.0007537378,0.001202768,1,0,1,0,1,0
87337902,87231204,2424842,-0.0033905099,0.008326338,0.0014831945,0.15,2.0576755e-07,2.031323e-07,9.995127e-07,2424842,-0.0040230486,0.0019248025,-0.025034444,0.4,0.0061118747,0.0061064344,2.0890977e-05,8944899,-0.040204335,-0.003958176,0.022423433,0.5,0.0011398795,0.0007515414,0.0012008209,1,0,1,0,1,0
87410513,87304731,2424842,-0.0033939972,0.008337228,0.0014800202,0.15,2.0451799e-07,2.0181568e-07,1.0001071e-06,2424842,-0.0039540706,0.0022292577,-0.025100732,0.4,0.00611013,0.0061045904,2.0846675e-05,8944899,-0.039741576,-0.0015264163,0.023215415,0.5,0.0011388824,0.0007481693,0.0011981874,1,0,1,0,1,0
87473710,87367732,2424842,-0.0033940035,0.008337232,0.0014800195,0.15,2.0517953e-07,2.0247722e-07,1.0007685e-06,2424842,-0.0039470517,0.0022363246,-0.02507767,0.4,0.0061101355,0.0061045955,2.0847836e-05,8944899,-0.03890138,-0.0015434755,0.024050267,0.5,0.0011376453,0.0007473984,0.0011950824,1,0,1,0,1,0
87547066,87441159,2424842,-0.0033940093,0.008337238,0.0014800188,0.15,2.0594977e-07,2.0324747e-07,1.0015386e-06,2424842,-0.003939908,0.0022438942,-0.025054669,0.4,0.0061101415,0.0061046015,2.085225e-05,8944899,-0.03674531,-0.0001990279,0.02552477,0.5,0.0011357752,0.00074670964,0.0011932179,1,0,1,0,1,0
87613950,87504196,2424842,-0.0033889525,0.008348013,0.0014798063,0.15,2.0443917e-07,2.0184022e-07,1.0021282e-06,2424842,-0.0036853722,0.0025591643,-0.025113259,0.4,0.0061082244,0.006102626,2.0807029e-05,8944899,-0.035797417,0.00095906586,0.02621748,0.5,0.0011348777,0.0007449272,0.0011920065,1,0,1,0,1,0
87683503,87577661,2424842,-0.00338896,0.00834802,0.0014798054,0.15,2.0521021e-07,2.0261126e-07,1.0028991e-06,2424842,-0.0036749353,0.0025702987,-0.025080975,0.4,0.00610823,0.006102632,2.0809175e-05,8944899,-0.034643773,0.0007796204,0.027329557,0.5,0.0011332004,0.0007440013,0.0011874009,1,0,1,0,1,0
87746525,87640701,2424842,-0.00338896,0.00834802,0.001479805,0.15,2.0587258e-07,2.0327363e-07,1.0035615e-06,2424842,-0.0036749307,0.002570275,-0.025080975,0.4,0.006108235,0.006102637,2.0812611e-05,8944899,-0.03208381,0.0023353512,0.028808462,0.5,0.0011310728,0.00074323174,0.0011851299,1,0,1,0,1,0
87883128,87777073,2424842,-0.0033726203,0.008359103,0.0014837113,0.15,2.0507733e-07,2.026412e-07,1.0048759e-06,2424842,-0.0030383284,0.0029136098,-0.025085755,0.4,0.0061061503,0.006100556,2.0770307e-05,8944899,-0.027166687,0.003588232,0.031370282,0.5,0.001123295,0.0007412475,0.0011772313,1,0,1,0,1,0
87956385,87850608,2424842,-0.0033603208,0.008358307,0.0014874488,0.15,2.0364556e-07,2.0140897e-07,1.0054054e-06,2424842,-0.0026660084,0.0029152876,-0.025109248,0.4,0.006104289,0.006098683,2.072804e-05,8944899,-0.023032187,0.004192501,0.033065304,0.5,0.0011175025,0.0007386941,0.0011721557,1,0,1,0,1,0
88030047,87924125,2424842,-0.0033603215,0.008358307,0.0014874483,0.15,2.0441769e-07,2.021811e-07,1.0061774e-06,2424842,-0.0026646515,0.0029165705,-0.025105853,0.4,0.0061042947,0.006098688,2.0730367e-05,8944899,-0.019871412,0.0035139516,0.033622816,0.5,0.001112865,0.0007378529,0.001167591,1,0,1,0,1,0
88092999,87987119,2424842,-0.0033603234,0.008358308,0.001487448,0.15,2.0507905e-07,2.0284246e-07,1.0068387e-06,2424842,-0.0026592202,0.0029208905,-0.025094695,0.4,0.0061043,0.006098693,2.0733909e-05,8944899,-0.017752243,0.0047577345,0.035881236,0.5,0.0011083535,0.00073663174,0.0011638539,1,0,1,0,1,0
88166418,88060571,2424842,-0.0033606766,0.008351866,0.0014859361,0.15,2.0388462e-07,2.0160141e-07,1.0074003e-06,2424842,-0.002821067,0.0027595528,-0.025143385,0.4,0.006102349,0.0060971985,2.0693931e-05,8944899,-0.014318084,0.004952734,0.037689336,0.5,0.0011007963,0.0007340647,0.0011549405,1,0,1,0,1,0
88229606,88123567,2424842,-0.003360677,0.008351866,0.001485936,0.15,2.0454607e-07,2.0226285e-07,1.0080616e-06,2424842,-0.0028190261,0.0027609374,-0.025139706,0.4,0.0061023533,0.0060972027,2.06953e-05,8944899,-0.008628313,0.00596713,0.04004273,0.5,0.0010914339,0.0007323834,0.0011470537,1,0,1,0,1,0
88302799,88197068,2424842,-0.0033606777,0.008351866,0.0014859361,0.15,2.0531785e-07,2.0303463e-07,1.0088332e-06,2424842,-0.0028149448,0.0027629253,-0.025134018,0.4,0.0061023585,0.0060972082,2.0699836e-05,8944899,-0.0052664755,0.0069785714,0.042515486,0.5,0.0010818187,0.0007297837,0.0011386782,1,0,1,0,1,0
88366030,88260000,2424842,-0.003352629,0.00836845,0.0014892969,0.15,2.0377125e-07,2.016564e-07,1.0093629e-06,2424842,-0.0023419538,0.0031202696,-0.02515663,0.4,0.006100351,0.006096086,2.0659816e-05,8944899,-0.0034151846,0.009321989,0.04469245,0.5,0.0010749724,0.0007254595,0.0011342713,1,0,1,0,1,0
88440428,88333473,2424842,-0.0033526316,0.00836845,0.001489297,0.15,2.0454245e-07,2.024276e-07,1.0101337e-06,2424842,-0.002323068,0.0031278152,-0.025133764,0.4,0.0061003543,0.006096091,2.0662217e-05,8944899,-0.004017032,0.011590554,0.049385406,0.5,0.0010635968,0.00072148134,0.001122857,1,0,1,0,1,0
88506337,88396492,2424842,-0.0033526332,0.008368449,0.0014892976,0.15,2.0520436e-07,2.0308951e-07,1.0107954e-06,2424842,-0.002323068,0.0031278152,-0.025133764,0.4,0.006100357,0.006096094,2.0665193e-05,8944899,-0.0028739483,0.0137263825,0.051867783,0.5,0.0010565936,0.0007178193,0.0011162085,1,0,1,0,1,0
88554827,88448991,2424842,-0.0032603445,0.008321818,0.0015853165,0.15,2.0273347e-07,2.0129458e-07,1.0087266e-06,2424842,-0.0030096318,-0.0015142105,-0.025055945,0.4,0.0060908087,0.00608976,2.062256e-05,8944899,-0.0002829305,0.0060450123,0.05173096,0.5,0.0010546577,0.0007011765,0.0011161687,1,0,1,0,1,0
88575734,88469959,2424842,-0.0032603445,0.008321818,0.001585317,0.15,2.029533e-07,2.0151441e-07,1.0089462e-06,2424842,-0.0030096376,-0.0015141921,-0.025055945,0.4,0.0060908105,0.0060897614,2.0624537e-05,8944899,-0.0033650175,0.008371044,0.053349014,0.5,0.0010452297,0.0006984799,0.001112325,1,0,1,0,1,0
88638818,88532997,2424842,-0.0032603454,0.008321817,0.0015853178,0.15,2.0361561e-07,2.0217672e-07,1.0096085e-06,2424842,-0.0030025048,-0.001512048,-0.025049023,0.4,0.006090809,0.0060897623,2.0623313e-05,8944899,-0.007351686,0.010909588,0.053625386,0.5,0.0010387648,0.0006962648,0.0011110202,1,0,1,0,1,0
88712217,88606407,2424842,-0.0032603457,0.008321816,0.0015853186,0.15,2.0438549e-07,2.029466e-07,1.010378e-06,2424842,-0.0030005865,-0.0015114611,-0.025047354,0.4,0.0060908124,0.006089768,2.0627876e-05,8944899,-0.012662916,0.012701235,0.05315268,0.5,0.0010327421,0.0006943916,0.0011095761,1,0,1,0,1,0
88743724,88637901,2424842,-0.0032063401,0.008256986,0.0016544765,0.15,2.0148549e-07,2.006953e-07,1.0074797e-06,2424842,-0.009614503,-0.007293318,-0.02504121,0.4,0.0060555968,0.0060634506,2.0579831e-05,8944899,-0.010829536,0.0071545336,0.05282246,0.5,0.0010305936,0.0006748297,0.001109509,1,0,1,0,1,0
88785919,88679937,2424842,-0.0032063401,0.008256986,0.0016544772,0.15,2.0192726e-07,2.0113707e-07,1.0079214e-06,2424842,-0.009614503,-0.007293318,-0.02504121,0.4,0.0060555986,0.0060634525,2.0581823e-05,8944899,-0.01828664,0.0078366455,0.052037813,0.5,0.001021625,0.00067351485,0.0011081735,1,0,1,0,1,0
88848686,88742996,2424842,-0.0032063415,0.008256982,0.0016544783,0.15,2.0259002e-07,2.0179982e-07,1.0085838e-06,2424842,-0.009608023,-0.0072913766,-0.02503611,0.4,0.0060555968,0.006063454,2.0581518e-05,8944899,-0.024077244,0.007855742,0.050179966,0.5,0.0010149,0.00067233766,0.0011068169,1,0,1,0,1,0
88922344,88816383,2424842,-0.003206342,0.008256981,0.0016544791,0.15,2.033594e-07,2.0256921e-07,1.009353e-06,2424842,-0.00960648,-0.007290879,-0.025034945,0.4,0.006055599,0.0060634594,2.0586074e-05,8944899,-0.028505431,0.007182302,0.04741574,0.5,0.0010098591,0.0006710273,0.0011046412,1,0,1,0,1,0
88985249,88879390,2424842,-0.0032014602,0.008253317,0.0016594558,0.15,2.008204e-07,2.00432e-07,1.0076366e-06,2424842,-0.00961124,-0.007965832,-0.0249962,0.4,0.005981503,0.006006942,2.0531492e-05,8944899,-0.03387642,0.0046112845,0.043682333,0.5,0.0010031002,0.00065510697,0.001101216,1,0,1,0,1,0
89058675,88952883,2424842,-0.0032014602,0.008253317,0.0016594558,0.15,2.01592e-07,2.012036e-07,1.0084083e-06,2424842,-0.00961124,-0.007965832,-0.0249962,0.4,0.005981505,0.006006948,2.0536165e-05,8944899,0.012276463,-0.10422394,0.0442217,0.5,0.0025000002,0.0025000002,0.0025000002,1,0,1,0,1,0
89121603,89015854,2424842,-0.003201178,0.008253091,0.00166972,0.15,2.0225261e-07,2.0186432e-07,1.0086684e-06,2424842,-0.009780657,-0.007662984,-0.024990875,0.4,0.0059813927,0.0060066064,2.053972e-05,8944899,-0.02861924,-0.04989425,0.025862392,0.5,0.0016730282,0.0017382238,0.0016673801,1,0,1,0,1,0
89153139,89047349,2424842,-0.003201916,0.008269347,0.0016732332,0.15,1.9967557e-07,1.9946286e-07,1.0075411e-06,2424842,-0.006121012,-0.0071773552,-0.024965106,0.4,0.0058904365,0.005937571,2.04821e-05,8944899,-0.028649379,-0.050010044,0.025923228,0.5,0.0016724817,0.0017366284,0.0016673497,1,0,1,0,1,0
89195254,89089331,2424842,-0.0032019054,0.008268998,0.0016866403,0.15,2.0011619e-07,1.9990316e-07,1.0074978e-06,2424842,-0.0063621416,-0.0067325593,-0.024960194,0.4,0.0058902786,0.0059370417,2.0483803e-05,8944899,-0.046182048,-0.031453148,0.01729359,0.5,0.001504802,0.0015643621,0.0015006439,1,0,1,0,1,0
89258165,89152351,2424842,-0.003201898,0.008268669,0.001699728,0.15,2.0077812e-07,2.0056477e-07,1.0076725e-06,2424842,-0.006583995,-0.006299174,-0.024955582,0.4,0.0058901384,0.0059365127,2.0487449e-05,8944899,-0.052432604,-0.023918245,0.015388789,0.5,0.0014275603,0.0014772501,0.0014291191,1,0,1,0,1,0
89331682,89225811,2424842,-0.0032018921,0.008268351,0.0017125607,0.15,2.0154901e-07,2.0133537e-07,1.007967e-06,2424842,-0.006795213,-0.0058758818,-0.024951065,0.4,0.0058900095,0.0059360005,2.0491998e-05,8944899,-0.06335648,-0.020949336,0.01193689,0.5,0.0013787225,0.0014219775,0.0013886949,1,0,1,0,1,0
89342247,89236287,2424842,-0.003187543,0.008311637,0.0017302154,0.15,1.9909707e-07,1.9895452e-07,1.007412e-06,2424842,0.0010163299,-0.0075300485,-0.02514035,0.4,0.0058075506,0.005872074,2.043451e-05,8944899,-0.06289773,-0.021706289,0.0120816985,0.5,0.001377494,0.0014207398,0.0013886502,1,0,1,0,1,0
89394893,89288803,2424842,-0.003187747,0.00831129,0.0017417916,0.15,1.9964853e-07,1.9950572e-07,1.007525e-06,2424842,0.0008189425,-0.007111148,-0.025136119,0.4,0.005807421,0.0058715036,2.0437237e-05,8944899,-0.06810317,-0.01945598,0.009997839,0.5,0.0013413518,0.0013799281,0.0013632091,1,0,1,0,1,0
89468167,89362319,2424842,-0.0031879386,0.008310969,0.0017525656,0.15,2.004205e-07,2.0027747e-07,1.0079034e-06,2424842,0.00063841033,-0.006721625,-0.025132224,0.4,0.00580731,0.005870995,2.044188e-05,8944899,-0.075265184,-0.012722807,0.008210882,0.5,0.0013127226,0.0013486822,0.0013448702,1,0,1,0,1,0
89541896,89435790,2424842,-0.0031881216,0.008310675,0.0017625408,0.15,2.0119151e-07,2.0104827e-07,1.0083023e-06,2424842,0.00047583782,-0.006358512,-0.025128668,0.4,0.0058072093,0.0058705076,2.0446438e-05,8944899,-0.08209359,-0.010172268,0.0059776315,0.5,0.0012847048,0.0013212364,0.0013224668,1,0,1,0,1,0
89605620,89498752,2424842,-0.0031964756,0.008308987,0.0017686302,0.15,1.996278e-07,1.9955445e-07,1.0075058e-06,2424842,-0.00020918001,-0.0052071973,-0.025213832,0.4,0.005761323,0.005835862,2.0398067e-05,8944899,-0.08447726,-0.009888915,-0.0005017311,0.5,0.001260947,0.001296647,0.001307694,1,0,1,0,1,0
89678980,89572216,2424842,-0.0031967545,0.008308583,0.001777178,0.15,2.0039846e-07,2.0032473e-07,1.0079553e-06,2424842,-0.00035700412,-0.0048739216,-0.025205877,0.4,0.005761212,0.005835387,2.0402716e-05,8944899,-0.0898054,-0.008704107,0.00022281954,0.5,0.0012441673,0.0012770582,0.0012983826,1,0,1,0,1,0
89741025,89635197,2424842,-0.0031970122,0.0083082225,0.0017849775,0.15,2.0105927e-07,2.0098523e-07,1.0083228e-06,2424842,-0.0004970642,-0.004570183,-0.025202854,0.4,0.0057611135,0.005834946,2.0406307e-05,8944899,-0.09319319,-0.009327169,-0.0003837658,0.5,0.0012286936,0.0012585182,0.0012883736,1,0,1,0,1,0
89814705,89708749,2424842,-0.0032049962,0.008300481,0.0017864244,0.15,1.9983231e-07,1.9989106e-07,1.0077082e-06,2424842,-0.0014945044,-0.0037910473,-0.025233313,0.4,0.00573946,0.0058178157,2.0363312e-05,8944899,-0.09659212,-0.0073475596,0.0008897015,0.5,0.0012130889,0.0012395415,0.0012810897,1,0,1,0,1,0
89881412,89771747,2424842,-0.003205245,0.008300042,0.0017930426,0.15,2.0049345e-07,2.0055147e-07,1.0081316e-06,2424842,-0.0016255081,-0.0035274269,-0.02523057,0.4,0.005739362,0.0058174417,2.0366999e-05,8944899,-0.101534724,-0.0058935913,-0.00058432895,0.5,0.0012018458,0.0012259106,0.001275726,1,0,1,0,1,0
89951506,89845178,2424842,-0.0032201956,0.008296458,0.0017977909,0.15,1.9938997e-07,1.9966932e-07,1.0072041e-06,2424842,-0.0021589345,-0.002602202,-0.025301483,0.4,0.00572958,0.0058096186,2.0326157e-05,8944899,-0.10360747,-0.003137515,-0.0020934148,0.5,0.0011866284,0.0012052845,0.0012654624,1,0,1,0,1,0
90013959,89908212,2424842,-0.0032204094,0.008295956,0.0018033683,0.15,2.000519e-07,2.0032994e-07,1.007672e-06,2424842,-0.0022774353,-0.002374951,-0.02529905,0.4,0.0057294867,0.0058093,2.0329928e-05,8944899,-0.10681402,-0.0031583717,-0.00010305391,0.5,0.0011771029,0.001191766,0.0012581404,1,0,1,0,1,0
90087541,89981640,2424842,-0.0032206133,0.008295481,0.0018086497,0.15,2.008219e-07,2.0109873e-07,1.0082609e-06,2424842,-0.0023886336,-0.0021592833,-0.025296757,0.4,0.005729401,0.0058090026,2.0334594e-05,8944899,-0.11086769,-0.0026532686,-0.003499773,0.5,0.0011691946,0.0011793857,0.0012510242,1,0,1,0,1,0
90151793,90044720,2424842,-0.0032358163,0.00830707,0.0018315915,0.15,1.9968795e-07,2.0026575e-07,1.0070805e-06,2424842,-0.0023860326,-0.0021582341,-0.025295662,0.4,0.0057293917,0.005809004,2.0336267e-05,8944899,-0.109061055,-0.0025476366,-0.007196022,0.5,0.0011556633,0.0011633597,0.0012448393,1,0,1,0,1,0
90224222,90118153,2424842,-0.0032359615,0.008306547,0.0018361391,0.15,2.0045815e-07,2.0103406e-07,1.007695e-06,2424842,-0.0024813896,-0.0019662543,-0.025291776,0.4,0.0057293107,0.0058087357,2.0341016e-05,8944899,-0.11149208,-0.0035805672,-0.009445587,0.5,0.0011448696,0.0011507254,0.0012352206,1,0,1,0,1,0
90297384,90191636,2424842,-0.0032361015,0.008306053,0.0018404723,0.15,2.0122941e-07,2.0180354e-07,1.0083195e-06,2424842,-0.0025759733,-0.0017848052,-0.02528984,0.4,0.005729234,0.0058084824,2.03457e-05,8944899,-0.11454943,-0.0041226577,-0.010786997,0.5,0.0011380533,0.0011423043,0.0012318572,1,0,1,0,1,0
90360714,90254587,2424842,-0.003236516,0.008303789,0.0018427116,0.15,2.001646e-07,2.0106047e-07,1.0066386e-06,2424842,-0.0025752028,-0.0017844602,-0.025289532,0.4,0.005729222,0.0058084824,2.0346375e-05,8944899,-0.115424365,-0.0017497584,-0.0128594,0.5,0.001125288,0.0011212282,0.0012213816,1,0,1,0,1,0
90433861,90328125,2424842,-0.0032365685,0.008303262,0.0018465014,0.15,2.0093714e-07,2.0183063e-07,1.0072845e-06,2424842,-0.0026526079,-0.0016161109,-0.025284689,0.4,0.005729147,0.005808243,2.0347152e-05,8944899,-0.11633052,-0.0021445947,-0.008437316,0.5,0.0011147769,0.0011106463,0.0012069893,1,0,1,0,1,0
90497011,90391119,2424842,-0.0032366202,0.008302768,0.0018500924,0.15,2.015985e-07,2.0248979e-07,1.0078286e-06,2424842,-0.0027329482,-0.0014597224,-0.02528304,0.4,0.005729079,0.005808023,2.0350852e-05,8944899,-0.121076725,-0.001819226,-0.004958963,0.5,0.001103439,0.0011031085,0.001197273,1,0,1,0,1,0
90570307,90464584,2424842,-0.0032347168,0.008320629,0.0018613647,0.15,2.0067847e-07,2.0176789e-07,1.0076151e-06,2424842,-0.0031947969,-0.0014308274,-0.025302226,0.4,0.0057270513,0.0058067976,2.0311285e-05,8944899,-0.12434839,-0.00088834245,-0.0035170456,0.5,0.0010936953,0.0010924189,0.0011905503,1,0,1,0,1,0
90633481,90527560,2424842,-0.0032347217,0.00832015,0.0018645177,0.15,2.0133947e-07,2.0242656e-07,1.0081749e-06,2424842,-0.0032605801,-0.001287429,-0.025299152,0.4,0.005726991,0.005806596,2.0315052e-05,8944899,-0.12716132,-0.0013891112,-0.0020499877,0.5,0.0010881871,0.001086273,0.0011880115,1,0,1,0,1,0
90707335,90601069,2424842,-0.0032347254,0.008319687,0.0018675345,0.15,2.0211142e-07,2.0319628e-07,1.0088498e-06,2424842,-0.003317093,-0.0011467595,-0.025294138,0.4,0.005726935,0.0058064023,2.0319741e-05,8944899,-0.12881306,-0.001106298,-0.0010598514,0.5,0.0010846942,0.0010797331,0.0011854507,1,0,1,0,1,0
90770497,90664002,2424842,-0.0032427066,0.008301678,0.0018625756,0.15,2.0114732e-07,2.0248285e-07,1.0085213e-06,2424842,-0.003304894,-0.0011402036,-0.025289698,0.4,0.0057269186,0.005806398,2.0318415e-05,8944899,-0.12991546,0.0030699053,-0.0012189742,0.5,0.0010787545,0.0010632356,0.0011740895,1,0,1,0,1,0
90845052,90737519,2424842,-0.0032426869,0.008301229,0.0018652527,0.15,2.0191945e-07,2.0325253e-07,1.0092068e-06,2424842,-0.0033619248,-0.0010153814,-0.025288483,0.4,0.0057268823,0.005806213,2.0321368e-05,8944899,-0.13082221,0.0036623545,0.0030143014,0.5,0.0010749194,0.0010567108,0.0011690751,1,0,1,0,1,0
90916985,90810964,2424842,-0.0032426675,0.008300799,0.0018678013,0.15,2.0269007e-07,2.0402082e-07,1.0098959e-06,2424842,-0.0034128784,-0.000894594,-0.025286367,0.4,0.0057268157,0.005806029,2.0323736e-05,8944899,-0.13284563,0.0039641187,0.0036121313,0.5,0.00107118,0.0010520172,0.0011667989,1,0,1,0,1,0
90980493,90873993,2424842,-0.0032539894,0.008300053,0.0018745887,0.15,2.0174929e-07,2.0323085e-07,1.0100591e-06,2424842,-0.0032147553,-0.00139653,-0.025300588,0.4,0.005719227,0.0057982528,2.0285235e-05,8944899,-0.13353002,0.0070804544,0.0008141739,0.5,0.0010671298,0.001037509,0.0011550873,1,0,1,0,1,0
91053284,90947462,2424842,-0.0032539521,0.008299639,0.0018768735,0.15,2.0252038e-07,2.0399955e-07,1.0107543e-06,2424842,-0.0032049937,-0.0013907624,-0.025297228,0.4,0.005719214,0.005798252,2.0289015e-05,8944899,-0.13508339,0.007017715,0.002544478,0.5,0.0010641187,0.0010305219,0.0011517752,1,0,1,0,1,0
91116441,91010497,2424842,-0.003253915,0.0082992315,0.0018791135,0.15,2.031826e-07,2.0465943e-07,1.011344e-06,2424842,-0.0032384351,-0.0012755049,-0.025292285,0.4,0.0057191504,0.005798074,2.029043e-05,8944899,-0.13760322,0.005402688,0.0017914867,0.5,0.0010615096,0.0010252559,0.0011493725,1,0,1,0,1,0
91147708,91041944,2424842,-0.0032481076,0.008308546,0.0018763095,0.15,2.0192961e-07,2.0339844e-07,1.011326e-06,2424842,-0.0045202654,-0.0011871678,-0.025360806,0.4,0.0057083005,0.0057862443,2.0250594e-05,8944899,-0.13772574,0.0055183764,0.001787737,0.5,0.0010605749,0.0010243583,0.0011493689,1,0,1,0,1,0
91190055,91083923,2424842,-0.0032480508,0.008308151,0.0018784546,0.15,2.0237015e-07,2.038367e-07,1.011696e-06,2424842,-0.0045202654,-0.0011871678,-0.025360806,0.4,0.0057083005,0.0057862443,2.0250594e-05,8944899,-0.13832992,0.0074076233,0.00032791236,0.5,0.0010582004,0.00101365,0.001141221,1,0,1,0,1,0
91252824,91146967,2424842,-0.003247995,0.008307768,0.0018805179,0.15,2.0303254e-07,2.0449691e-07,1.0122908e-06,2424842,-0.004546899,-0.0010755616,-0.025355013,0.4,0.0057082586,0.0057860743,2.0253387e-05,8944899,-0.13954987,0.0072492915,0.0018479809,0.5,0.0010559313,0.0010066167,0.0011366451,1,0,1,0,1,0
91326287,91220401,2424842,-0.0032479435,0.008307403,0.001882515,0.15,2.0380287e-07,2.0526512e-07,1.0129961e-06,2424842,-0.004583004,-0.00097387907,-0.02535293,0.4,0.0057081957,0.005785902,2.0255757e-05,8944899,-0.14136007,0.0069204224,0.0018592053,0.5,0.0010534467,0.0010026549,0.0011354794,1,0,1,0,1,0
91347431,91241467,2424842,-0.00323054,0.0083188275,0.001868783,0.15,2.0242099e-07,2.0364608e-07,1.0125441e-06,2424842,-0.005815236,0.00030709157,-0.025324835,0.4,0.0056976313,0.005772839,2.0215331e-05,8944899,-0.14213747,0.0076195425,0.001863133,0.5,0.0010512235,0.001000874,0.0011354771,1,0,1,0,1,0
91390086,91283371,2424842,-0.0032304656,0.008318488,0.0018707068,0.15,2.028599e-07,2.0408322e-07,1.0129219e-06,2424842,-0.0058473432,0.00041043066,-0.02532119,0.4,0.0056975875,0.005772676,2.021719e-05,8944899,-0.14240961,0.0069054873,0.0033493096,0.5,0.0010486058,0.0009953293,0.0011320087,1,0,1,0,1,0
91462702,91356881,2424842,-0.0032303946,0.008318161,0.0018725736,0.15,2.036318e-07,2.0485345e-07,1.0136356e-06,2424842,-0.005882411,0.0005082028,-0.025319012,0.4,0.005697547,0.005772522,2.022197e-05,8944899,-0.14470175,0.005957068,0.004102388,0.5,0.0010458839,0.0009896993,0.0011276498,1,0,1,0,1,0
91536271,91430399,2424842,-0.0032303205,0.008317832,0.0018743743,0.15,2.0440386e-07,2.0562386e-07,1.0143511e-06,2424842,-0.0058923126,0.0006186862,-0.02530963,0.4,0.005697482,0.005772359,2.022438e-05,8944899,-0.14576915,0.0069162045,0.002716295,0.5,0.0010442821,0.0009856676,0.0011263987,1,0,1,0,1,0
91557316,91451417,2424842,-0.0032289266,0.00829882,0.0018836814,0.15,2.0296038e-07,2.0384627e-07,1.0137672e-06,2424842,-0.004856908,0.0015344053,-0.025349014,0.4,0.0056861043,0.005755498,2.0183415e-05,8944899,-0.145146,0.0064016823,0.0026927434,0.5,0.0010412479,0.0009834317,0.001126395,1,0,1,0,1,0
91599099,91493390,2424842,-0.0032288476,0.008298545,0.0018854039,0.15,2.0340073e-07,2.0428537e-07,1.0141543e-06,2424842,-0.00489527,0.001623674,-0.025348185,0.4,0.0056860596,0.0057553486,2.0185282e-05,8944899,-0.14653827,0.0059072007,0.0028170412,0.5,0.0010397035,0.0009800342,0.0011254518,1,0,1,0,1,0
91672769,91566840,2424842,-0.0032287724,0.008298282,0.0018870519,0.15,2.0417137e-07,2.050548e-07,1.0148735e-06,2424842,-0.0049291207,0.0017109065,-0.025346678,0.4,0.0056859935,0.0057551935,2.0187834e-05,8944899,-0.1475311,0.0066521545,0.0019579777,0.5,0.0010368206,0.0009764105,0.0011202522,1,0,1,0,1,0
91739845,91629811,2424842,-0.003228696,0.008298018,0.0018886416,0.15,2.0483218e-07,2.0571441e-07,1.0154839e-06,2424842,-0.004942982,0.0018083067,-0.025339758,0.4,0.0056859497,0.005755049,2.019148e-05,8944899,-0.14679565,0.008083214,0.0010199331,0.5,0.001033369,0.00097059755,0.0011148519,1,0,1,0,1,0
91746064,91640381,2424842,-0.003239373,0.008297117,0.0018957144,0.15,2.0335905e-07,2.0391849e-07,1.0144772e-06,2424842,-0.0051577636,0.0005338182,-0.02543773,0.4,0.0056736018,0.0057393797,2.0150212e-05,8944899,-0.14637303,0.007714075,0.0010164862,0.5,0.0010292748,0.0009674414,0.00111485,1,0,1,0,1,0
91809176,91703310,2424842,-0.0032392743,0.008296883,0.0018972441,0.15,2.0401887e-07,2.0457745e-07,1.01509e-06,2424842,-0.005179513,0.0006263857,-0.025432738,0.4,0.005673559,0.0057392363,2.0154062e-05,8944899,-0.14814311,0.0069196266,0.0005277345,0.5,0.0010280084,0.00096368237,0.0011125895,1,0,1,0,1,0
91946720,91839838,2424842,-0.0032390845,0.008296428,0.0019001417,0.15,2.0545242e-07,2.060093e-07,1.0164341e-06,2424842,-0.0051969755,0.00081935007,-0.025416898,0.4,0.0056734444,0.005738943,2.0159312e-05,8944899,-0.14949264,0.00750179,0.002294593,0.5,0.001023183,0.0009557583,0.0011039415,1,0,1,0,1,0
91957005,91850322,2424842,-0.003237255,0.008304376,0.0018950404,0.15,2.0398132e-07,2.04197e-07,1.015481e-06,2424842,-0.006512299,0.00029600316,-0.02551258,0.4,0.0056590377,0.0057204077,2.0117535e-05,8944899,-0.14980154,0.0077786082,0.0022911069,0.5,0.001019277,0.00095279474,0.00110394,1,0,1,0,1,0
92008595,91902788,2424842,-0.0032371446,0.008304182,0.0018964151,0.15,2.0453159e-07,2.0474673e-07,1.0159902e-06,2424842,-0.0065463106,0.0003735809,-0.025511855,0.4,0.005658993,0.005720268,2.0120417e-05,8944899,-0.15169165,0.0072424784,0.008156214,0.5,0.0010109779,0.0009471383,0.0010937423,1,0,1,0,1,0
92155492,92049771,2424842,-0.0032517486,0.008311787,0.0019001849,0.15,2.0437436e-07,2.0446562e-07,1.0173485e-06,2424842,-0.0068968455,-0.00130126,-0.025506778,0.4,0.005640827,0.0056941826,2.0081283e-05,8944899,-0.1524537,0.0072910576,0.008780914,0.5,0.0010032245,0.0009370101,0.0010819802,1,0,1,0,1,0
92218675,92112788,2424842,-0.0032516434,0.0083116125,0.0019014515,0.15,2.0503597e-07,2.051268e-07,1.0179731e-06,2424842,-0.0069283163,-0.0012292437,-0.025506109,0.4,0.005640784,0.005694053,2.0085161e-05,8944899,-0.1540379,0.005884345,0.008304794,0.5,0.0010023136,0.00093406526,0.0010807533,1,0,1,0,1,0
92292071,92186201,2424842,-0.0032515372,0.008311435,0.0019026721,0.15,2.0580568e-07,2.0589606e-07,1.0187072e-06,2424842,-0.006926746,-0.001135357,-0.025496762,0.4,0.0056407116,0.0056939097,2.0087764e-05,8944899,-0.15448,0.0057144063,0.007030816,0.5,0.0010011013,0.0009315238,0.0010792998,1,0,1,0,1,0
92355308,92249246,2424842,-0.0032553836,0.008290464,0.00190703,0.15,2.0484237e-07,2.0477432e-07,1.019089e-06,2424842,-0.005334042,-0.0012905406,-0.025629248,0.4,0.005619302,0.005666152,2.004602e-05,8944899,-0.15423372,0.006996701,0.0054491465,0.5,0.0009994855,0.0009231338,0.0010724762,1,0,1,0,1,0
92428488,92322702,2424842,-0.0032552702,0.008290292,0.0019081867,0.15,2.0561293e-07,2.0554454e-07,1.0198256e-06,2424842,-0.0053109345,-0.0011827459,-0.025614517,0.4,0.00561926,0.005666025,2.0050891e-05,8944899,-0.15509832,0.00667547,0.0059577334,0.5,0.0009986263,0.0009208379,0.001071884,1,0,1,0,1,0
92565344,92459178,2424842,-0.0032579384,0.008289656,0.0019110512,0.15,2.0536083e-07,2.050159e-07,1.0207036e-06,2424842,-0.0055555026,-0.0015266039,-0.025658285,0.4,0.0056014573,0.005638332,2.0014277e-05,8944899,-0.15652204,0.006140609,0.007688474,0.5,0.0009951724,0.0009126449,0.0010671242,1,0,1,0,1,0
92627907,92522181,2424842,-0.0032578316,0.008289519,0.0019121276,0.15,2.060221e-07,2.0567695e-07,1.0213346e-06,2424842,-0.0055555026,-0.0015266039,-0.025658285,0.4,0.00560143,0.0056383153,2.001422e-05,8944899,-0.15877195,0.0038427145,0.008720076,0.5,0.0009930215,0.000907531,0.0010620401,1,0,1,0,1,0
92764500,92658600,2424842,-0.0032652996,0.008261982,0.0019213563,0.15,2.0572644e-07,2.0521985e-07,1.0225673e-06,2424842,-0.005531273,-0.0015066313,-0.025652016,0.4,0.005601402,0.0056382976,2.0016994e-05,8944899,-0.15905067,0.0033490453,0.010640703,0.5,0.0009906272,0.0008968203,0.0010523407,1,0,1,0,1,0
92838110,92732084,2424842,-0.0032651925,0.008261851,0.0019223556,0.15,2.0649757e-07,2.0599086e-07,1.0233103e-06,2424842,-0.005531273,-0.0015066313,-0.025652016,0.4,0.005601402,0.0056382976,2.0016994e-05,8944899,-0.15971462,0.0024685739,0.010817491,0.5,0.0009901252,0.00089436985,0.0010518937,1,0,1,0,1,0
92900886,92795121,2424842,-0.003265091,0.008261725,0.0019233188,0.15,2.0715959e-07,2.0665274e-07,1.0239448e-06,2424842,-0.005523013,-0.0014208315,-0.025643075,0.4,0.005601353,0.005638178,2.0019752e-05,8944899,-0.15954004,0.0034786114,0.010494996,0.5,0.0009897079,0.00089126104,0.0010502861,1,0,1,0,1,0
92953476,92847561,2424842,-0.0032624947,0.008247767,0.001925826,0.15,2.0598114e-07,2.0528354e-07,1.0243075e-06,2424842,-0.004563811,-0.00066842645,-0.025691316,0.4,0.005582324,0.0056087095,1.9979878e-05,8944899,-0.1593791,0.0033689188,0.010480265,0.5,0.0009892025,0.000890974,0.001050284,1,0,1,0,1,0
93048836,92942082,2424842,-0.0032622921,0.008247539,0.0019276894,0.15,2.0697323e-07,2.062755e-07,1.0252463e-06,2424842,-0.0045719994,-0.00052049826,-0.025679886,0.4,0.005582227,0.005608473,1.998462e-05,8944899,-0.1601903,0.002421404,0.012267434,0.5,0.000988132,0.00088261184,0.0010448502,1,0,1,0,1,0
93152827,93047060,2424842,-0.0032706144,0.008233537,0.0019340871,0.15,2.0630748e-07,2.0541638e-07,1.026102e-06,2424842,-0.003182867,-0.0009635659,-0.025715165,0.4,0.005563981,0.0055774976,1.9947676e-05,8944899,-0.16018403,0.0021260243,0.012179837,0.5,0.0009868719,0.00087997544,0.0010445364,1,0,1,0,1,0
93184479,93078574,2424842,-0.0032705157,0.008233437,0.0019349782,0.15,2.0663822e-07,2.0574713e-07,1.026408e-06,2424842,-0.0032074365,-0.0009097877,-0.025714658,0.4,0.0055639646,0.0055774087,1.9950648e-05,8944899,-0.16025715,0.00061783113,0.013879235,0.5,0.0009861371,0.00087566004,0.0010418165,1,0,1,0,1,0
93247506,93141529,2424842,-0.003270418,0.008233334,0.0019358555,0.15,2.072985e-07,2.064074e-07,1.0270439e-06,2424842,-0.0031835586,-0.00088895886,-0.025708804,0.4,0.0055639315,0.005577384,1.9949604e-05,8944899,-0.16085917,-0.00059092673,0.013967187,0.5,0.0009852857,0.00086995075,0.0010362809,1,0,1,0,1,0
93352308,93246494,2424842,-0.0032615226,0.008216222,0.0019382158,0.15,2.0661203e-07,2.0557172e-07,1.0280374e-06,2424842,-0.002326673,0.0007317703,-0.025750771,0.4,0.0055461726,0.005547823,1.9911882e-05,8944899,-0.16070074,-0.0012039267,0.013639005,0.5,0.0009848154,0.00086750137,0.0010346884,1,0,1,0,1,0
93457290,93351517,2424842,-0.0032613354,0.0082160365,0.0019398758,0.15,2.0771444e-07,2.0667419e-07,1.029095e-06,2424842,-0.002314738,0.0008843973,-0.025735999,0.4,0.005546075,0.005547605,1.9917668e-05,8944899,-0.16210736,-0.0040314295,0.015583942,0.5,0.0009830174,0.00085905904,0.001026905,1,0,1,0,1,0
93520626,93414505,2424842,-0.0032612463,0.008215947,0.001940667,0.15,2.0837543e-07,2.0733519e-07,1.0297348e-06,2424842,-0.0022704354,0.00092468277,-0.025725571,0.4,0.0055460404,0.005547577,1.992046e-05,8944899,-0.16312967,-0.0046224818,0.014864091,0.5,0.0009816996,0.0008572862,0.0010255867,1,0,1,0,1,0
93593795,93488012,2424842,-0.0032557456,0.008205364,0.001941637,0.15,2.072519e-07,2.0616677e-07,1.0304635e-06,2424842,-0.0022704354,0.00092468277,-0.025725571,0.4,0.0055460404,0.005547577,1.992046e-05,8944899,-0.1627017,-0.005421823,0.01718638,0.5,0.0009808477,0.000853449,0.0010218425,1,0,1,0,1,0
93730913,93624446,2424842,-0.00325558,0.008205192,0.0019431212,0.15,2.086833e-07,2.0759818e-07,1.0318553e-06,2424842,-0.002267146,0.0010559198,-0.025714807,0.4,0.0055459426,0.005547366,1.992807e-05,8944899,-0.16325179,-0.0043898504,0.017135045,0.5,0.000980236,0.00084961124,0.0010201916,1,0,1,0,1,0
93751237,93645499,2424842,-0.0032497963,0.008223356,0.0019366309,0.15,2.0696649e-07,2.0570388e-07,1.0318394e-06,2424842,-0.004320356,0.00017781527,-0.025834117,0.4,0.0055357344,0.005524127,1.988719e-05,8944899,-0.16359413,-0.004144247,0.017149711,0.5,0.0009793908,0.00084923947,0.0010201855,1,0,1,0,1,0
93803858,93697997,2424842,-0.0032497162,0.008223283,0.0019373414,0.15,2.0751747e-07,2.0625491e-07,1.0323714e-06,2424842,-0.0043374565,0.00022383039,-0.025833197,0.4,0.005535686,0.0055240244,1.9890118e-05,8944899,-0.16336316,-0.0046036285,0.019322935,0.5,0.00097505044,0.0008466914,0.0010154205,1,0,1,0,1,0
93940284,93834368,2424842,-0.003249564,0.008223139,0.0019387013,0.15,2.0894755e-07,2.0768508e-07,1.0337653e-06,2424842,-0.004319514,0.00035974963,-0.02582001,0.4,0.005535588,0.0055238204,1.9898718e-05,8944899,-0.1643766,-0.005130139,0.019685132,0.5,0.00097233517,0.00084342505,0.0010130003,1,0,1,0,1,0
93950777,93844895,2424842,-0.003241363,0.008261615,0.0019300682,0.15,2.0683412e-07,2.0557295e-07,1.0334833e-06,2424842,-0.0054493374,0.00046475895,-0.025734592,0.4,0.0055294298,0.0055052764,1.9859168e-05,8944899,-0.16480102,-0.004914339,0.019759452,0.5,0.0009702002,0.0008423071,0.0010129855,1,0,1,0,1,0
94076643,93970843,2424842,-0.0032412366,0.00826149,0.001931352,0.15,2.0815568e-07,2.0689457e-07,1.0347705e-06,2424842,-0.005407475,0.0006161706,-0.02571673,0.4,0.0055292966,0.0055050477,1.9865005e-05,8944899,-0.16522753,-0.0042681876,0.02120546,0.5,0.00096884515,0.00083823595,0.0010098498,1,0,1,0,1,0
94140357,94033885,2424842,-0.0032411753,0.008261429,0.0019319637,0.15,2.0881791e-07,2.0755681e-07,1.0354162e-06,2424842,-0.0054236227,0.0006541106,-0.025716394,0.4,0.0055292877,0.005504986,1.9867979e-05,8944899,-0.16414599,-0.004501346,0.018327912,0.5,0.0009673098,0.00083464955,0.0010054033,1,0,1,0,1,0
94214044,94107370,2424842,-0.0032428913,0.008284422,0.0019259258,0.15,2.0728538e-07,2.060739e-07,1.0356056e-06,2424842,-0.0054925377,0.00036659397,-0.025660673,0.4,0.005524282,0.0054892316,1.9830784e-05,8944899,-0.16300377,-0.0046334513,0.016160784,0.5,0.00096304336,0.0008316777,0.0010034579,1,0,1,0,1,0
94351796,94243788,2424842,-0.0032193067,0.008319232,0.0019233627,0.15,2.0657444e-07,2.0531081e-07,1.0368855e-06,2424842,-0.0070093297,0.0011573916,-0.025646357,0.4,0.0055198516,0.005475505,1.9800133e-05,8944899,-0.16273254,-0.005044098,0.015318256,0.5,0.00096112303,0.0008257515,0.000997744,1,0,1,0,1,0
94423233,94317286,2424842,-0.0032192671,0.008319186,0.0019239013,0.15,2.0734608e-07,2.0608243e-07,1.0376423e-06,2424842,-0.006984529,0.001181808,-0.025640918,0.4,0.0055198153,0.0054754694,1.9802179e-05,8944899,-0.16326854,-0.0040006726,0.015201767,0.5,0.0009605768,0.0008243209,0.0009966241,1,0,1,0,1,0
94486056,94380334,2424842,-0.003219228,0.0083191395,0.0019244285,0.15,2.080085e-07,2.0674484e-07,1.0382903e-06,2424842,-0.0069702575,0.0012421351,-0.025634639,0.4,0.0055197645,0.0054753725,1.980309e-05,8944899,-0.1628451,-0.004154569,0.016458532,0.5,0.00095909316,0.000822774,0.0009941817,1,0,1,0,1,0
94622517,94516786,2424842,-0.0032123167,0.008360502,0.0019219499,0.15,2.0726434e-07,2.0600073e-07,1.03945e-06,2424842,-0.0074676494,0.0017363408,-0.025506979,0.4,0.005515289,0.005460612,1.9767447e-05,8944899,-0.16284063,-0.0036447323,0.013786263,0.5,0.0009546532,0.00081529474,0.0009851401,1,0,1,0,1,0
94696133,94590230,2424842,-0.003212287,0.0083604595,0.0019224456,0.15,2.0803485e-07,2.0677122e-07,1.0402073e-06,2424842,-0.0074676494,0.0017363408,-0.025506979,0.4,0.005515289,0.005460612,1.9767447e-05,8944899,-0.16370204,-0.004510979,0.013874202,0.5,0.00095026736,0.00080894766,0.00097630266,1,0,1,0,1,0
94759031,94653243,2424842,-0.0031877954,0.008394896,0.0019079393,0.15,2.066318e-07,2.052317e-07,1.0405508e-06,2424842,-0.0074676494,0.0017363408,-0.025506979,0.4,0.005515289,0.005460612,1.9767447e-05,8944899,-0.16510098,-0.004051318,0.011786773,0.5,0.0009465514,0.00080743345,0.00097251666,1,0,1,0,1,0
94832766,94726683,2424842,-0.003187767,0.008394861,0.0019084165,0.15,2.0740224e-07,2.0600214e-07,1.0413088e-06,2424842,-0.007447967,0.0017566724,-0.02550282,0.4,0.005515249,0.0054605687,1.9770401e-05,8944899,-0.16492994,-0.0034193972,0.010661465,0.5,0.0009439987,0.0008060581,0.0009702767,1,0,1,0,1,0
94947997,94842229,2424842,-0.0031806866,0.008433072,0.0018912462,0.15,2.0659179e-07,2.0499238e-07,1.0418746e-06,2424842,-0.0073852963,0.0018634954,-0.025486946,0.4,0.0055151526,0.005460424,1.9773182e-05,8944899,-0.16567044,-0.0024941356,0.011246564,0.5,0.000941246,0.00080188655,0.0009665818,1,0,1,0,1,0
94969081,94863236,2424842,-0.0031806557,0.008433045,0.0018917029,0.15,2.0681237e-07,2.0521298e-07,1.0420835e-06,2424842,-0.0073852963,0.0018634954,-0.025486946,0.4,0.0055151526,0.005460424,1.9773182e-05,8944899,-0.16605307,-0.0020545784,0.010295444,0.5,0.0009406509,0.0007986157,0.00096309243,1,0,1,0,1,0
95105600,94999691,2424842,-0.0031805965,0.00843299,0.0018925879,0.15,2.0824456e-07,2.0664523e-07,1.043493e-06,2424842,-0.0073143155,0.0020189635,-0.025467075,0.4,0.0055150553,0.005460237,1.9782012e-05,8944899,-0.16610712,-0.0016939697,0.009001504,0.5,0.00093768287,0.00079689414,0.00096108124,1,0,1,0,1,0
95178954,95073137,2424842,-0.0031935435,0.00845744,0.0018968347,0.15,2.069959e-07,2.0518209e-07,1.0435693e-06,2424842,-0.006589507,0.0016837111,-0.025439695,0.4,0.0055129738,0.0054553906,1.9746654e-05,8944899,-0.16560294,-0.0018814886,0.0068342877,0.5,0.0009295891,0.00079411437,0.0009528968,1,0,1,0,1,0
95242026,95136182,2424842,-0.003193507,0.008457417,0.0018972566,0.15,2.0765827e-07,2.0584453e-07,1.0442208e-06,2424842,-0.006571545,0.0017421809,-0.025433576,0.4,0.0055129244,0.0054552946,1.9750636e-05,8944899,-0.16314146,-0.00032475995,0.005139489,0.5,0.00092484005,0.0007924324,0.00094905525,1,0,1,0,1,0
95315829,95209710,2424842,-0.003193473,0.008457395,0.0018976716,0.15,2.0843052e-07,2.0661685e-07,1.0449824e-06,2424842,-0.0065347957,0.0018201782,-0.025423756,0.4,0.005512874,0.0054551973,1.9755536e-05,8944899,-0.16363077,-0.00017709087,0.00675179,0.5,0.0009232979,0.0007912599,0.0009469617,1,0,1,0,1,0
95557030,95451119,2424842,-0.0032032218,0.008403166,0.0019055816,0.15,2.0690413e-07,2.0438117e-07,1.0441236e-06,2424842,-0.0095866015,0.0022445687,-0.025455913,0.4,0.0054988237,0.005448127,1.969034e-05,8944899,-0.164087,-0.00018617173,0.007028527,0.5,0.00091053284,0.00078131625,0.0009426483,1,1,1,0,1,0
95651406,95545606,2424842,-0.003203108,0.008403119,0.001906335,0.15,2.0789567e-07,2.0537308e-07,1.0450967e-06,2424842,-0.009551123,0.0023568757,-0.025444401,0.4,0.0054987175,0.0054479307,1.9695406e-05,8944899,-0.16580135,-0.00053249154,0.0067976196,0.5,0.0009081969,0.0007771528,0.0009365881,1,1,1,0,1,0
95756247,95650616,2424842,-0.0031988842,0.008376286,0.0019025006,0.15,2.0697873e-07,2.0418965e-07,1.0454546e-06,2424842,-0.010983491,0.0025758795,-0.025441293,0.4,0.005491325,0.005444641,1.9662208e-05,8944899,-0.16622096,-0.00040704463,0.0065308097,0.5,0.0009058419,0.00077482546,0.0009363153,1,1,1,0,1,0
95798356,95692504,2424842,-0.003198825,0.008376263,0.0019028595,0.15,2.0741707e-07,2.0462824e-07,1.0458845e-06,2424842,-0.010938099,0.0026616328,-0.025430312,0.4,0.005491272,0.0054445434,1.9664274e-05,8944899,-0.1674003,-0.0004228981,0.0065882313,0.5,0.0009038684,0.0007740123,0.0009346167,1,1,1,0,1,0
95861402,95755497,2424842,-0.0031987608,0.008376237,0.0019032265,0.15,2.0807816e-07,2.0528957e-07,1.0465368e-06,2424842,-0.010946192,0.0026888477,-0.025429651,0.4,0.005491218,0.005444444,1.9668278e-05,8944899,-0.16771695,-0.0010793997,0.0056969007,0.5,0.0009013862,0.0007707432,0.0009275046,1,1,1,0,1,0
95934911,95828971,2424842,-0.003198704,0.008376217,0.0019035891,0.15,2.0884909e-07,2.0606073e-07,1.0472991e-06,2424842,-0.010857568,0.0028245645,-0.025410492,0.4,0.0054911044,0.005444268,1.967013e-05,8944899,-0.16544484,-3.2201577e-05,0.0043805116,0.5,0.00089632504,0.0007688884,0.00092297414,1,1,1,0,1,0
95955889,95849986,2424842,-0.0032152785,0.008367651,0.0019215632,0.15,2.0739888e-07,2.0408763e-07,1.0454874e-06,2424842,-0.011269825,0.0031748635,-0.02544163,0.4,0.005484764,0.0054406114,1.9633613e-05,8944899,-0.16445637,-0.0007587547,0.004447113,0.5,0.00088985567,0.0007649468,0.00092292996,1,1,1,0,1,0
95998025,95892019,2424842,-0.0032152066,0.008367624,0.0019219113,0.15,2.0784019e-07,2.0452926e-07,1.0459206e-06,2424842,-0.011249193,0.0032335806,-0.025435489,0.4,0.0054847086,0.0054405103,1.9635703e-05,8944899,-0.16571645,-0.0010948199,0.0030476078,0.5,0.00088550744,0.0007640031,0.000919842,1,1,1,0,1,0
96071263,95965499,2424842,-0.0032151353,0.008367597,0.0019222561,0.15,2.0861113e-07,2.0530052e-07,1.0466835e-06,2424842,-0.011243643,0.0032748426,-0.025432287,0.4,0.0054846536,0.0054404084,1.9640693e-05,8944899,-0.16740377,-0.0002816908,0.0033146774,0.5,0.0008818058,0.0007623831,0.0009154952,1,1,1,0,1,0
96134492,96028511,2424842,-0.0032150694,0.008367581,0.0019225912,0.15,2.092725e-07,2.0596222e-07,1.0473366e-06,2424842,-0.011199841,0.0033246556,-0.025423978,0.4,0.0054846,0.0054403385,1.9640682e-05,8944899,-0.16577059,0.0013461473,0.0019218201,0.5,0.0008797886,0.00075963157,0.0009111096,1,1,1,0,1,0
96207719,96101959,2424842,-0.0032189402,0.008351091,0.001926204,0.15,2.0882034e-07,2.0467132e-07,1.0441703e-06,2424842,-0.011138008,0.0033952051,-0.025412291,0.4,0.0054845503,0.005440273,1.9641784e-05,8944899,-0.16547237,0.0017896799,0.0036371455,0.5,0.0008653104,0.00075106526,0.0009085122,1,1,1,0,1,0
96270970,96164899,2424842,-0.0032188592,0.008351063,0.0019265166,0.15,2.094801e-07,2.0533153e-07,1.0448233e-06,2424842,-0.011138008,0.0033952051,-0.025412291,0.4,0.0054845503,0.005440273,1.9641784e-05,8944899,-0.16651832,0.0018784191,0.0058084424,0.5,0.0008603214,0.00074392074,0.0008988705,1,1,1,0,1,0
96344256,96238416,2424842,-0.0032187842,0.008351052,0.0019268142,0.15,2.1025173e-07,2.0610358e-07,1.0455879e-06,2424842,-0.011138008,0.0033952051,-0.025412291,0.4,0.005484551,0.005440274,1.964278e-05,8944899,-0.16959831,0.0023076094,0.0070263594,0.5,0.00085698895,0.00074315845,0.00089245744,1,1,1,0,1,0
96354761,96248892,2424842,-0.0032495407,0.0083564585,0.001964332,0.15,2.0890648e-07,2.0417838e-07,1.0439364e-06,2424842,-0.011138008,0.0033952051,-0.025412291,0.4,0.005484551,0.005440274,1.964278e-05,8944899,-0.16742817,0.00063276966,0.00715635,0.5,0.0008510227,0.0007394699,0.00089243194,1,1,1,0,1,0
96407385,96301368,2424842,-0.003249456,0.008356433,0.0019646215,0.15,2.0945663e-07,2.0472905e-07,1.0444802e-06,2424842,-0.011147615,0.0034164975,-0.0254121,0.4,0.0054845447,0.0054402384,1.9643767e-05,8944899,-0.16760619,0.0005646241,0.0097053675,0.5,0.00084744435,0.0007386667,0.0008878256,1,1,1,0,1,0
96555778,96448361,2424842,-0.003253964,0.008348547,0.0019669447,0.15,2.0929731e-07,2.0425075e-07,1.045506e-06,2424842,-0.011091998,0.0035141492,-0.025399804,0.4,0.0054844315,0.005440054,1.9648756e-05,8944899,-0.16801408,0.0013756772,0.010582483,0.5,0.0008434212,0.0007318746,0.00088135997,1,1,1,0,1,0
96618187,96511406,2424842,-0.0032538748,0.008348518,0.0019672303,0.15,2.0995908e-07,2.0491309e-07,1.0461615e-06,2424842,-0.011060098,0.0035839616,-0.025391897,0.4,0.005484375,0.005439948,1.9652827e-05,8944899,-0.16847025,0.00055574416,0.009318029,0.5,0.00084259047,0.0007309593,0.00088079995,1,1,1,0,1,0
96753980,96647809,2424842,-0.003266326,0.008325998,0.0019753347,0.15,2.098745e-07,2.0430171e-07,1.0466078e-06,2424842,-0.012574155,0.0038802938,-0.025419144,0.4,0.005475366,0.005435511,1.9617877e-05,8944899,-0.16770282,5.2837633e-05,0.009866631,0.5,0.0008369451,0.00072401634,0.00087446073,1,1,1,0,1,0
96953087,96847308,2424842,-0.0032613578,0.008303568,0.0019708925,0.15,2.1055662e-07,2.0435643e-07,1.0476398e-06,2424842,-0.012583408,0.0038998895,-0.025418961,0.4,0.005475364,0.0054354826,1.9623838e-05,8944899,-0.16824245,0.00089632254,0.0094643375,0.5,0.0008331885,0.0007196383,0.0008728296,1,1,1,0,1,0
96963567,96857785,2424842,-0.00326126,0.008303531,0.0019711591,0.15,2.1066552e-07,2.0446608e-07,1.0477431e-06,2424842,-0.012583408,0.0038998895,-0.025418961,0.4,0.005475364,0.0054354826,1.9623838e-05,8944899,-0.1683764,0.0016788054,0.010765453,0.5,0.00083295465,0.0007160423,0.0008666009,1,1,1,0,1,0
97026675,96920755,2424842,-0.0032611634,0.008303501,0.001971418,0.15,2.1132554e-07,2.0512684e-07,1.0483976e-06,2424842,-0.012592533,0.0039188294,-0.025418783,0.4,0.0054753595,0.005435453,1.9626812e-05,8944899,-0.16897418,0.0018051281,0.012888354,0.5,0.0008300598,0.0007152353,0.0008638736,1,1,1,0,1,0
97163346,97057244,2424842,-0.0032614598,0.008291594,0.0019767154,0.15,2.1072893e-07,2.0435533e-07,1.0493451e-06,2424842,-0.013275591,0.004651419,-0.0253626,0.4,0.005458501,0.0054295864,1.9592484e-05,8944899,-0.16946594,0.0021105944,0.015824819,0.5,0.00082270056,0.00071283756,0.0008555853,1,1,1,0,1,0
97352051,97246257,2424842,-0.0032467677,0.00831963,0.0019608452,0.15,2.103213e-07,2.0404916e-07,1.0506046e-06,2424842,-0.010642521,0.0028411073,-0.025465395,0.4,0.0054308726,0.0054201456,1.9558778e-05,8944899,-0.17033102,0.0026639218,0.015808625,0.5,0.0008200807,0.00071054377,0.00085506367,1,1,1,0,1,0
97373034,97267206,2424842,-0.0032466755,0.008319604,0.0019610892,0.15,2.105399e-07,2.0426852e-07,1.0508181e-06,2424842,-0.010650185,0.0028586437,-0.025465244,0.4,0.005430869,0.005420117,1.956075e-05,8944899,-0.17125079,0.002442543,0.016728638,0.5,0.0008139611,0.00070957805,0.0008503181,1,1,1,0,1,0
97446595,97340736,2424842,-0.0032465823,0.008319579,0.0019613332,0.15,2.1131142e-07,2.0504082e-07,1.0515846e-06,2424842,-0.01063573,0.0029047409,-0.025460983,0.4,0.005430815,0.005420002,1.9565827e-05,8944899,-0.16975224,0.0020988036,0.016995054,0.5,0.0008108604,0.000708288,0.0008476269,1,1,1,0,1,0
97510300,97403654,2424842,-0.003246489,0.008319556,0.001961574,0.15,2.1197035e-07,2.0570053e-07,1.0522384e-06,2424842,-0.010557064,0.0030357675,-0.025444724,0.4,0.0054306993,0.0054197805,1.9566825e-05,8944899,-0.17039905,0.0011532236,0.015824273,0.5,0.00081025774,0.00070648536,0.0008451935,1,1,1,0,1,0
97562036,97456172,2424842,-0.0032563515,0.008340307,0.001949673,0.15,2.0949732e-07,2.0407785e-07,1.0519337e-06,2424842,-0.008233284,0.0029799144,-0.025495889,0.4,0.0054057697,0.005413306,1.9526095e-05,8944899,-0.17103617,0.0015381788,0.015924046,0.5,0.00080742844,0.00070523325,0.0008451429,1,1,1,0,1,0
97583095,97477173,2424842,-0.0032562662,0.008340283,0.0019499133,0.15,2.0971711e-07,2.0429832e-07,1.0521485e-06,2424842,-0.008233284,0.0029799144,-0.025495889,0.4,0.0054057706,0.005413307,1.9527082e-05,8944899,-0.17174421,0.0012770263,0.014723987,0.5,0.0008068779,0.0007043706,0.0008436182,1,1,1,0,1,0
97751888,97645121,2424842,-0.0032430822,0.008357513,0.0019452227,0.15,2.0870988e-07,2.0398609e-07,1.0526988e-06,2424842,-0.0065466687,0.0027749802,-0.025466537,0.4,0.005385302,0.005407463,1.9490477e-05,8944899,-0.17183475,0.0016391125,0.013876371,0.5,0.0008024377,0.0006979519,0.0008394162,1,1,1,0,1,0
97929806,97823621,2424842,-0.0032428454,0.00835744,0.001945901,0.15,2.1058236e-07,2.0586032e-07,1.0545575e-06,2424842,-0.0063256505,0.0031549484,-0.02542076,0.4,0.0053850934,0.0054069897,1.949974e-05,8944899,-0.17257947,0.0002493484,0.015699103,0.5,0.00079920626,0.0006935572,0.00083365786,1,1,1,0,1,0
97950353,97844625,2424842,-0.0032315548,0.008384875,0.00193724,0.15,2.0824965e-07,2.0409269e-07,1.0541132e-06,2424842,-0.004124412,0.002085951,-0.025483696,0.4,0.0053668497,0.0054016225,1.9460347e-05,8944899,-0.17296983,0.00044009695,0.015761616,0.5,0.00079704233,0.0006926944,0.00083362946,1,1,1,0,1,0
98066082,97960136,2424842,-0.0032314055,0.008384825,0.0019376881,0.15,2.0946155e-07,2.0530561e-07,1.0553163e-06,2424842,-0.003954557,0.0023742132,-0.025448916,0.4,0.005366698,0.00540127,1.9465646e-05,8944899,-0.17373231,0.00014206166,0.015178389,0.5,0.0007938653,0.0006906921,0.00083069643,1,1,1,0,1,0
98149976,98044085,2424842,-0.0032528602,0.008386399,0.0019274262,0.15,2.0761857e-07,2.0424125e-07,1.0554583e-06,2424842,-0.003131554,0.0033339502,-0.025419017,0.4,0.0053478745,0.005396009,1.9430072e-05,8944899,-0.17461161,0.0011076943,0.015612362,0.5,0.0007909253,0.00068850623,0.0008286019,1,1,1,0,1,0
98265472,98159554,2424842,-0.0032527267,0.008386348,0.0019278589,0.15,2.0882977e-07,2.0545332e-07,1.056661e-06,2424842,-0.0030083805,0.0035599184,-0.025393104,0.4,0.0053477264,0.0053956457,1.9435383e-05,8944899,-0.17505534,0.0005916598,0.01676196,0.5,0.00078935124,0.0006857346,0.0008260505,1,1,1,0,1,0
98349281,98243531,2424842,-0.0032658202,0.008374596,0.0019249337,0.15,2.0706291e-07,2.0442879e-07,1.0567911e-06,2424842,-0.0029892104,0.00553875,-0.025233427,0.4,0.0053299298,0.0053904466,1.9400251e-05,8944899,-0.17563146,0.0010369665,0.016824577,0.5,0.0007860405,0.0006833868,0.0008255786,1,1,1,0,1,0
98401758,98296046,2424842,-0.00326576,0.008374575,0.0019251449,0.15,2.0761412e-07,2.0498035e-07,1.0573381e-06,2424842,-0.0029517948,0.0056169527,-0.025225151,0.4,0.0053298827,0.005390319,1.9403404e-05,8944899,-0.1766513,7.672889e-05,0.01730977,0.5,0.0007850957,0.00068122643,0.00082419824,1,1,1,0,1,0
98475492,98369520,2424842,-0.0032656975,0.008374543,0.0019253646,0.15,2.0838498e-07,2.0575156e-07,1.0581045e-06,2424842,-0.0029517948,0.0056169527,-0.025225151,0.4,0.0053298837,0.00539032,1.9404391e-05,8944899,-0.1766892,-0.00089636934,0.014433393,0.5,0.00078284164,0.0006785705,0.0008150952,1,1,1,0,1,0
98538315,98432459,2424842,-0.003265636,0.008374512,0.001925585,0.15,2.0904484e-07,2.0641178e-07,1.0587598e-06,2424842,-0.0028821006,0.0057454775,-0.025210524,0.4,0.0053298324,0.0053901775,1.940735e-05,8944899,-0.17604713,-0.0010299562,0.013257801,0.5,0.00077393453,0.00067767245,0.0008044476,1,1,1,0,1,0
98611914,98505960,2424842,-0.0032488743,0.008345922,0.0019314046,0.15,2.0768834e-07,2.0534463e-07,1.0594641e-06,2424842,-0.002809798,0.0058776555,-0.025195396,0.4,0.0053297873,0.0053900466,1.9411493e-05,8944899,-0.17487785,-0.00086799497,0.011830904,0.5,0.0007687839,0.0006749928,0.00079944223,1,1,1,0,1,0
98685204,98579485,2424842,-0.0032488117,0.008345886,0.0019316258,0.15,2.0846029e-07,2.0611692e-07,1.0602317e-06,2424842,-0.0027181762,0.0060398346,-0.025176506,0.4,0.0053296885,0.005389793,1.9413628e-05,8944899,-0.17495923,-0.0019998779,0.011855548,0.5,0.0007685903,0.00067355984,0.0007987564,1,1,1,0,1,0
98748746,98642492,2424842,-0.0032443786,0.008316422,0.0019339854,0.15,2.072597e-07,2.0496634e-07,1.0607592e-06,2424842,-0.0047173365,0.0074000265,-0.025057107,0.4,0.005317109,0.005383775,1.937798e-05,8944899,-0.17528929,-0.0015400047,0.011746659,0.5,0.0007677028,0.0006723081,0.0007964631,1,1,1,0,1,0
98947677,98841938,2424842,-0.0032602448,0.008296258,0.0019462052,0.15,2.0764729e-07,2.0525917e-07,1.0624152e-06,2424842,-0.006099414,0.008066604,-0.025106084,0.4,0.005304779,0.005376425,1.9349976e-05,8944899,-0.17527841,-0.0022675635,0.011727419,0.5,0.00076512434,0.000670542,0.00079467206,1,1,1,0,1,0
98958230,98852415,2424842,-0.0032601848,0.008296248,0.0019464083,0.15,2.0775664e-07,2.0536892e-07,1.0625204e-06,2424842,-0.0061043035,0.0080819735,-0.025105992,0.4,0.005304777,0.0053763995,1.9350962e-05,8944899,-0.17358574,-0.0015819311,0.008914648,0.5,0.00076352473,0.00066818966,0.0007918871,1,1,1,0,1,0
99021257,98915419,2424842,-0.0032601163,0.008296216,0.0019466209,0.15,2.0841783e-07,2.060305e-07,1.0631773e-06,2424842,-0.0060165185,0.008217644,-0.025088884,0.4,0.005304732,0.005376288,1.9352114e-05,8944899,-0.17374305,-0.0023785143,0.010226266,0.5,0.00076246477,0.00066711416,0.0007907893,1,1,1,0,1,0
99094828,98988938,2424842,-0.0032600441,0.008296173,0.0019468379,0.15,2.091896e-07,2.0680267e-07,1.0639449e-06,2424842,-0.0059380895,0.008362314,-0.025072617,0.4,0.0053046825,0.0053761434,1.9355155e-05,8944899,-0.17497452,-0.0026813739,0.010208315,0.5,0.00075782934,0.0006658424,0.00078639534,1,1,1,0,1,0
99157987,99051922,2424842,-0.0032624078,0.008303511,0.001944342,0.15,2.0770408e-07,2.0559658e-07,1.0643157e-06,2424842,-0.0042002336,0.0102628125,-0.024869563,0.4,0.005285979,0.005366808,1.931753e-05,8944899,-0.17571177,-0.0029509475,0.01084355,0.5,0.00075609225,0.0006643996,0.0007859747,1,1,1,0,1,0
99231242,99125355,2424842,-0.003262337,0.00830348,0.0019445539,0.15,2.0847403e-07,2.0636693e-07,1.0650816e-06,2424842,-0.0041019134,0.01043873,-0.024849445,0.4,0.005285886,0.005366551,1.9320787e-05,8944899,-0.17675042,-0.0036605506,0.007433949,0.5,0.0007555255,0.00066162436,0.0007829559,1,1,1,0,1,0
99367637,99261908,2424842,-0.0032690733,0.008297495,0.0019481414,0.15,2.0802266e-07,2.0600262e-07,1.066271e-06,2424842,-0.004494634,0.010788158,-0.024870478,0.4,0.0052698967,0.005357187,1.9288751e-05,8944899,-0.17617074,-0.0034692427,0.008440104,0.5,0.00075352396,0.00065880467,0.0007807607,1,1,1,0,1,0
99441329,99335291,2424842,-0.003269001,0.0082974695,0.0019483468,0.15,2.0879152e-07,2.067719e-07,1.0670356e-06,2424842,-0.0044170464,0.010932519,-0.02485437,0.4,0.005269805,0.005356929,1.9292007e-05,8944899,-0.17788015,-0.004945654,0.00974792,0.5,0.000748583,0.00065671944,0.0007767108,1,1,1,0,1,0
99556508,99450762,2424842,-0.0032607296,0.008331206,0.0019386583,0.15,2.0768681e-07,2.0618621e-07,1.0678261e-06,2424842,-0.0012607233,0.010598845,-0.02474322,0.4,0.0052528684,0.0053479164,1.9258225e-05,8944899,-0.17815197,-0.0048035956,0.01031129,0.5,0.0007452145,0.00065487536,0.0007747614,1,1,1,0,1,0
99577719,99471813,2424842,-0.003260673,0.008331201,0.0019388564,0.15,2.07908e-07,2.0640779e-07,1.068043e-06,2424842,-0.0012648465,0.010613249,-0.024743147,0.4,0.0052528684,0.0053478936,1.9260218e-05,8944899,-0.17786895,-0.005854791,0.009476663,0.5,0.00074450456,0.0006524628,0.0007722734,1,1,1,0,1,0
99640714,99534759,2424842,-0.0032606034,0.0083311815,0.0019390617,0.15,2.08568e-07,2.0706817e-07,1.0686988e-06,2424842,-0.0012055296,0.010729711,-0.024730576,0.4,0.0052527767,0.005347629,1.926248e-05,8944899,-0.17783764,-0.005471846,0.011010306,0.5,0.00074210233,0.00065133773,0.0007690071,1,1,1,0,1,0
99714300,99608230,2424842,-0.003260538,0.008331167,0.001939264,0.15,2.0933876e-07,2.0783932e-07,1.0694654e-06,2424842,-0.0012097294,0.010744122,-0.024730502,0.4,0.0052527776,0.0053476077,1.9265448e-05,8944899,-0.17689238,-0.005830448,0.008638745,0.5,0.00074027426,0.00064850674,0.0007659764,1,1,1,0,1,0
99777136,99671203,2424842,-0.0032390032,0.008353606,0.0019275028,0.15,2.0809962e-07,2.0672522e-07,1.069844e-06,2424842,-0.0011586739,0.010826844,-0.024720425,0.4,0.005252729,0.0053474763,1.9266436e-05,8944899,-0.1767685,-0.0075524305,0.009626052,0.5,0.00073894236,0.00064691005,0.0007651305,1,1,1,0,1,0
99850479,99744720,2424842,-0.0032389162,0.008353577,0.0019277128,0.15,2.0887138e-07,2.0749737e-07,1.0706117e-06,2424842,-0.001103482,0.010937515,-0.024708636,0.4,0.005252684,0.005347331,1.9269497e-05,8944899,-0.17803048,-0.008449433,0.01033945,0.5,0.0007359301,0.0006454703,0.0007629533,1,1,1,0,1,0
99914135,99807721,2424842,-0.0032388326,0.008353553,0.0019279213,0.15,2.0953253e-07,2.0815891e-07,1.0712689e-06,2424842,-0.0010143445,0.011103654,-0.024690127,0.4,0.005252638,0.0053471825,1.927351e-05,8944899,-0.17822681,-0.009035782,0.011259439,0.5,0.00073471194,0.0006440666,0.0007623779,1,1,1,0,1,0
99956009,99849694,2424842,-0.0032442417,0.008343376,0.0019292823,0.15,2.078172e-07,2.0682296e-07,1.0716088e-06,2424842,-0.00060854165,0.013781539,-0.024481881,0.4,0.005234936,0.005336534,1.9234856e-05,8944899,-0.17819822,-0.009060662,0.01126743,0.5,0.0007343811,0.0006440064,0.0007623702,1,1,1,0,1,0
99987895,99881164,2424842,-0.0032441714,0.008343364,0.0019294852,0.15,2.0814696e-07,2.071531e-07,1.0719344e-06,2424842,-0.0005683078,0.013867859,-0.024473058,0.4,0.0052348906,0.0053363917,1.9236028e-05,8944899,-0.17875414,-0.009180339,0.009546279,0.5,0.00073336414,0.000641911,0.0007597908,1,1,1,0,1,0
100061408,99954707,2424842,-0.003244099,0.008343351,0.0019296894,0.15,2.0891923e-07,2.0792575e-07,1.0727024e-06,2424842,-0.0005258578,0.013958266,-0.024463767,0.4,0.005234848,0.0053362474,1.9241117e-05,8944899,-0.17597069,-0.008106104,0.008220196,0.5,0.00072990556,0.00063945126,0.0007566763,1,1,1,0,1,0
100123471,100017716,2424842,-0.0032440268,0.008343339,0.0019298943,0.15,2.0958053e-07,2.0858745e-07,1.0733596e-06,2424842,-0.00048649477,0.014043952,-0.024455069,0.4,0.0052348026,0.0053360974,1.9245143e-05,8944899,-0.17564073,-0.0089548165,0.0075793,0.5,0.000728754,0.00063840824,0.0007562786,1,1,1,0,1,0
100155022,100049166,2424842,-0.003219525,0.00839142,0.0019183311,0.15,2.0814541e-07,2.0715645e-07,1.073436e-06,2424842,0.0019006304,0.010373734,-0.024503719,0.4,0.0052187536,0.005324328,1.9205521e-05,8944899,-0.17603037,-0.00890359,0.0075842957,0.5,0.00072824996,0.00063827843,0.0007562744,1,1,1,0,1,0
100197165,100091174,2424842,-0.0032194494,0.008391409,0.0019185373,0.15,2.0858616e-07,2.0759761e-07,1.0738727e-06,2424842,0.0019366138,0.010454457,-0.024495639,0.4,0.00521871,0.005324185,1.920768e-05,8944899,-0.17499848,-0.010319376,0.009139634,0.5,0.0007273295,0.0006362587,0.00075498055,1,1,1,0,1,0
100334091,100227661,2424842,-0.003219295,0.008391387,0.0019189483,0.15,2.1001831e-07,2.0903062e-07,1.0752966e-06,2424842,0.0020148202,0.01062616,-0.024478236,0.4,0.0052186227,0.0053238915,1.9216799e-05,8944899,-0.17569815,-0.010035217,0.008067903,0.5,0.00072578015,0.0006338327,0.000753664,1,1,1,0,1,0
100354570,100248670,2424842,-0.003242945,0.008394823,0.0019236363,0.15,2.0832512e-07,2.0748767e-07,1.0753715e-06,2424842,0.004552115,0.012948028,-0.02433212,0.4,0.0052030734,0.005313562,1.9177141e-05,8944899,-0.1755098,-0.010165031,0.008114336,0.5,0.00072521745,0.00063362846,0.0007536594,1,1,1,0,1,0
100396478,100290613,2424842,-0.003242864,0.00839481,0.0019238393,0.15,2.0876449e-07,2.0792749e-07,1.0758067e-06,2424842,0.0045963204,0.013042692,-0.024322364,0.4,0.0052030296,0.0053134183,1.9179295e-05,8944899,-0.1739202,-0.009439664,0.007521454,0.5,0.00072190346,0.00063176994,0.0007510027,1,1,1,0,1,0
100470210,100364096,2424842,-0.0032427793,0.008394795,0.0019240405,0.15,2.0953546e-07,2.0869889e-07,1.0765737e-06,2424842,0.004648407,0.013150467,-0.024311027,0.4,0.005202987,0.005313273,1.9184374e-05,8944899,-0.17500228,-0.010441779,0.0076429085,0.5,0.00071931834,0.00062878896,0.0007474925,1,1,1,0,1,0
100532829,100427120,2424842,-0.003242701,0.008394782,0.0019242432,0.15,2.1019702e-07,2.0936089e-07,1.0772313e-06,2424842,0.004648407,0.013150467,-0.024311027,0.4,0.005202988,0.005313274,1.9185361e-05,8944899,-0.1734233,-0.012092474,0.00842098,0.5,0.000718651,0.0006272378,0.0007466213,1,1,1,0,1,0
100564440,100458571,2424842,-0.0032284884,0.008418431,0.0019187356,0.15,2.089811e-07,2.0794346e-07,1.0768565e-06,2424842,0.0051943082,0.011078626,-0.024344254,0.4,0.005189771,0.0053019114,1.9147532e-05,8944899,-0.17358197,-0.0120789865,0.008409858,0.5,0.00071682857,0.0006267979,0.000746614,1,1,1,0,1,0
100673344,100563531,2424842,-0.003228318,0.008418406,0.001919132,0.15,2.1008184e-07,2.0904517e-07,1.0779496e-06,2424842,0.0052514933,0.011217755,-0.024330823,0.4,0.005189728,0.005301745,1.9154584e-05,8944899,-0.17413385,-0.011969108,0.010793794,0.5,0.00071435067,0.0006250456,0.00074284076,1,1,1,0,1,0
100753466,100647545,2424842,-0.0032210576,0.008402423,0.001918457,0.15,2.092466e-07,2.0822684e-07,1.0786931e-06,2424842,0.0047086505,0.013664249,-0.024130143,0.4,0.005177035,0.0052906848,1.9120165e-05,8944899,-0.17364526,-0.011325197,0.01078315,0.5,0.00071377546,0.00062357297,0.00074124883,1,1,1,0,1,0
100816367,100710608,2424842,-0.0032209754,0.008402414,0.0019186495,0.15,2.099089e-07,2.0888966e-07,1.0793518e-06,2424842,0.0047372566,0.013733769,-0.024123432,0.4,0.0051769926,0.0052905413,1.9123354e-05,8944899,-0.17120238,-0.010366393,0.009347817,0.5,0.000708845,0.0006211588,0.0007365705,1,1,1,0,1,0
100880029,100773519,2424842,-0.0032208804,0.0084024025,0.0019188399,0.15,2.1056805e-07,2.095493e-07,1.0800076e-06,2424842,0.0047920924,0.013847276,-0.024111468,0.4,0.00517695,0.0052903956,1.912744e-05,8944899,-0.1727885,-0.012178992,0.007809697,0.5,0.00070476177,0.0006185356,0.0007323558,1,1,1,0,1,0
100953203,100847038,2424842,-0.003211292,0.008405532,0.0019080187,0.15,2.101124e-07,2.0862278e-07,1.0792385e-06,2424842,0.004344894,0.013327916,-0.02409776,0.4,0.005166499,0.005278281,1.9090157e-05,8944899,-0.17228077,-0.012863845,0.0071186214,0.5,0.0007001128,0.0006165005,0.00072984025,1,1,1,0,1,0
101015807,100909992,2424842,-0.003211201,0.008405524,0.0019082017,0.15,2.107724e-07,2.0928334e-07,1.0798955e-06,2424842,0.0043792226,0.013407538,-0.02408984,0.4,0.0051664566,0.005278139,1.9094305e-05,8944899,-0.17100234,-0.012569325,0.0062132133,0.5,0.0006995278,0.0006156886,0.0007292623,1,1,1,0,1,0
101089615,100983470,2424842,-0.0032111167,0.008405518,0.0019083818,0.15,2.115431e-07,2.1005461e-07,1.0806632e-06,2424842,0.004401849,0.013467113,-0.024084292,0.4,0.0051664137,0.005277993,1.9099387e-05,8944899,-0.17046146,-0.011742789,0.0068457476,0.5,0.0006983822,0.0006148545,0.00072795775,1,1,1,0,1,0
101153673,101046498,2424842,-0.0032197204,0.008394094,0.0019157174,0.15,2.1093649e-07,2.0900181e-07,1.080181e-06,2424842,0.004701025,0.014999583,-0.024021303,0.4,0.005157102,0.0052675963,1.9064768e-05,8944899,-0.16943601,-0.011486036,0.00815954,0.5,0.00069412414,0.00061199395,0.0007256364,1,1,1,0,1,0
101226752,101119998,2424842,-0.0032196238,0.0083940895,0.0019158889,0.15,2.1170763e-07,2.0977357e-07,1.0809495e-06,2424842,0.004701025,0.014999583,-0.024021303,0.4,0.0051571038,0.005267598,1.9066754e-05,8944899,-0.16957247,-0.01057486,0.008734469,0.5,0.0006939898,0.0006100445,0.00072253693,1,1,1,0,1,0
101351866,101245958,2424842,-0.003233727,0.008420504,0.001925417,0.15,2.1174824e-07,2.0938108e-07,1.0813493e-06,2424842,0.006683803,0.01381629,-0.02406325,0.4,0.005148786,0.0052577495,1.9036406e-05,8944899,-0.16898346,-0.010553799,0.008884016,0.5,0.000691741,0.0006088164,0.00072226545,1,1,1,0,1,0
101435710,101329884,2424842,-0.0032335157,0.008420503,0.0019257438,0.15,2.1262733e-07,2.1026153e-07,1.082223e-06,2424842,0.0067846975,0.014027991,-0.024041101,0.4,0.005148699,0.005257466,1.9040808e-05,8944899,-0.16845974,-0.009812878,0.008113081,0.5,0.00069107587,0.00060676754,0.00071953697,1,1,1,0,1,0
101498771,101392889,2424842,-0.0032334118,0.008420502,0.0019259058,0.15,2.1328827e-07,2.1092316e-07,1.0828813e-06,2424842,0.006831738,0.014127866,-0.024030734,0.4,0.005148655,0.0052573197,1.9044915e-05,8944899,-0.1680719,-0.009786989,0.009411217,0.5,0.0006899965,0.0006057868,0.0007183664,1,1,1,0,1,0
101576471,101466351,2424842,-0.0032297373,0.008410744,0.0019220802,0.15,2.127228e-07,2.0992843e-07,1.0828516e-06,2424842,0.006875218,0.014200894,-0.024022127,0.4,0.0051486106,0.005257187,1.9047964e-05,8944899,-0.16942409,-0.008958914,0.008819516,0.5,0.0006854814,0.0006047693,0.00071522,1,1,1,0,1,0
101635311,101529428,2424842,-0.0032296302,0.008410745,0.0019222349,0.15,2.1338518e-07,2.1059157e-07,1.0835115e-06,2424842,0.0069244807,0.014303922,-0.024011353,0.4,0.0051485645,0.0052570407,1.9049154e-05,8944899,-0.16917783,-0.008420323,0.011494676,0.5,0.00068159134,0.0006040723,0.00070954504,1,1,1,0,1,0
101908243,101802339,2424842,-0.0032405802,0.008420634,0.0019212188,0.15,2.1424951e-07,2.1170847e-07,1.0863245e-06,2424842,0.006968806,0.014397957,-0.024001632,0.4,0.0051485216,0.005256901,1.9052388e-05,8944899,-0.16953966,-0.008992935,0.010727277,0.5,0.0006766135,0.0005975433,0.00070119835,1,1,1,0,1,0
101950533,101844392,2424842,-0.0032334197,0.008403145,0.0019240371,0.15,2.1274433e-07,2.103572e-07,1.0866831e-06,2424842,0.005807061,0.015259255,-0.023949506,0.4,0.0051381905,0.0052488577,1.9018027e-05,8944899,-0.16947873,-0.009005116,0.010706334,0.5,0.0006765532,0.0005975264,0.00070119544,1,1,1,0,1,0
101981561,101875856,2424842,-0.0032333252,0.008403147,0.0019241797,0.15,2.1307365e-07,2.106872e-07,1.0870103e-06,2424842,0.0058409073,0.015335235,-0.023941897,0.4,0.005138146,0.0052487147,1.9019246e-05,8944899,-0.16903473,-0.0077009234,0.009888893,0.5,0.00067631365,0.00059553393,0.00069953926,1,1,1,0,1,0
102255249,102148762,2424842,-0.0032374375,0.008390529,0.0019288218,0.15,2.1410074e-07,2.1174648e-07,1.0896681e-06,2424842,0.0053631593,0.016215956,-0.023913147,0.4,0.005128274,0.005240432,1.8998846e-05,8944899,-0.16943586,-0.0083319675,0.0062221256,0.5,0.00067546044,0.0005925577,0.00069557433,1,1,1,0,1,0
102392031,102285236,2424842,-0.0032517384,0.008362403,0.0019360607,0.15,2.1376015e-07,2.1138096e-07,1.0909521e-06,2424842,0.005397231,0.0162736,-0.023906419,0.4,0.005128231,0.0052402993,1.9001935e-05,8944899,-0.16925783,-0.009122827,0.008074564,0.5,0.000673913,0.0005903315,0.0006912488,1,1,1,0,1,0
102464633,102358762,2424842,-0.0032516567,0.008362404,0.0019361989,0.15,2.1453175e-07,2.1215327e-07,1.0917217e-06,2424842,0.005397231,0.0162736,-0.023906419,0.4,0.005128232,0.0052403,1.9002919e-05,8944899,-0.16891402,-0.00947723,0.009222247,0.5,0.00067113264,0.0005883047,0.00068829244,1,1,1,0,1,0
102527618,102421746,2424842,-0.0032515486,0.008362409,0.0019363316,0.15,2.1519223e-07,2.1281444e-07,1.0923801e-06,2424842,0.0054240297,0.016336571,-0.023900302,0.4,0.0051281825,0.0052401433,1.9003965e-05,8944899,-0.16987859,-0.010162474,0.008761186,0.5,0.0006703736,0.0005874877,0.0006875534,1,1,1,0,1,0
102600988,102495147,2424842,-0.003268528,0.008340511,0.001937544,0.15,2.1359739e-07,2.11755e-07,1.092909e-06,2424842,0.0054202257,0.016347418,-0.023900246,0.4,0.0051281825,0.0052401284,1.9005933e-05,8944899,-0.1705942,-0.010806059,0.008398361,0.5,0.0006678724,0.0005855519,0.00068521337,1,1,1,0,1,0
102668170,102558142,2424842,-0.0032684586,0.008340509,0.0019376845,0.15,2.1425815e-07,2.124164e-07,1.0935677e-06,2424842,0.0054230476,0.016352203,-0.02389969,0.4,0.005128138,0.0052399966,1.9006124e-05,8944899,-0.16976373,-0.01203844,0.004743409,0.5,0.0006636971,0.00058476796,0.00067773386,1,1,1,0,1,0
102737418,102631676,2424842,-0.003268349,0.008340514,0.0019378198,0.15,2.1502998e-07,2.131889e-07,1.0943374e-06,2424842,0.005459157,0.016431328,-0.023891712,0.4,0.0051280903,0.0052398415,1.9009154e-05,8944899,-0.16787896,-0.012322466,0.0018076684,0.5,0.0006533631,0.0005841368,0.00066822115,1,1,1,0,1,0
102811111,102705167,2424842,-0.0032586977,0.008347832,0.0019293724,0.15,2.1439136e-07,2.1213398e-07,1.0942681e-06,2424842,0.005459157,0.016431328,-0.023891712,0.4,0.005128091,0.0052398425,1.9010138e-05,8944899,-0.16745184,-0.011631118,0.0010796563,0.5,0.0006502209,0.00058191404,0.0006658581,1,1,1,0,1,0
102873957,102768129,2424842,-0.003258567,0.008347842,0.0019294991,0.15,2.1505139e-07,2.127947e-07,1.0949262e-06,2424842,0.005459157,0.016431328,-0.023891712,0.4,0.005128091,0.0052398425,1.9010138e-05,8944899,-0.16748443,-0.011789271,0.0028827759,0.5,0.0006483697,0.0005815013,0.0006631437,1,1,1,0,1,0
102947672,102841598,2424842,-0.0032584777,0.008347845,0.0019296331,0.15,2.1582176e-07,2.1356581e-07,1.0956946e-06,2424842,0.0054552117,0.016442057,-0.023891654,0.4,0.0051280404,0.0052396865,1.9011184e-05,8944899,-0.16712785,-0.011816833,0.004058205,0.5,0.000646827,0.0005808265,0.0006603185,1,1,1,0,1,0
102968757,102862649,2424842,-0.0032689988,0.008333438,0.001943011,0.15,2.1432082e-07,2.1189206e-07,1.0949902e-06,2424842,0.0054349317,0.019555567,-0.02367895,0.4,0.005110004,0.0052257814,1.8974895e-05,8944899,-0.16659246,-0.01214468,0.0040649287,0.5,0.0006453331,0.0005803398,0.0006603174,1,1,1,0,1,0
103220430,103114572,2424842,-0.0032832318,0.00832519,0.0019602268,0.15,2.1541234e-07,2.127686e-07,1.0960122e-06,2424842,0.004514635,0.019883407,-0.02378451,0.4,0.0050956253,0.00521343,1.8952702e-05,8944899,-0.16608857,-0.014050301,0.00485619,0.5,0.0006398259,0.0005750594,0.0006571897,1,1,1,0,1,0
103357290,103251048,2424842,-0.0033026163,0.008318764,0.0019719517,0.15,2.1511845e-07,2.1249515e-07,1.0964935e-06,2424842,0.004649729,0.020891473,-0.023792325,0.4,0.0050863596,0.0052054753,1.8924547e-05,8944899,-0.1659418,-0.014472904,0.005973125,0.5,0.0006365367,0.000573058,0.0006545781,1,1,1,0,1,0
103494497,103387559,2424842,-0.0033023949,0.008318793,0.0019721964,0.15,2.1655026e-07,2.1392864e-07,1.0979222e-06,2424842,0.0047410834,0.021073205,-0.02377326,0.4,0.005086224,0.0052050627,1.893104e-05,8944899,-0.16542827,-0.013715536,0.004527736,0.5,0.0006344069,0.00057128316,0.0006521379,1,1,1,0,1,0
103556254,103450534,2424842,-0.003291964,0.008310345,0.0019744704,0.15,2.1543791e-07,2.1289938e-07,1.098027e-06,2424842,0.003785365,0.020720216,-0.0238157,0.4,0.005080211,0.005199536,1.8900882e-05,8944899,-0.16534482,-0.013724646,0.00451431,0.5,0.00063357817,0.0005711077,0.00065213564,1,1,1,0,1,0
103707243,103597540,2424842,-0.0032916828,0.008310383,0.0019748425,0.15,2.16979e-07,2.1444299e-07,1.0995634e-06,2424842,0.0038561819,0.020880887,-0.023800105,0.4,0.0050800745,0.005199113,1.8909373e-05,8944899,-0.16669716,-0.014528385,0.004788341,0.5,0.0006299554,0.000567833,0.00064871286,1,1,1,0,1,0
103755713,103649964,2424842,-0.0032935024,0.008322074,0.0019685042,0.15,2.1531437e-07,2.1331289e-07,1.0995936e-06,2424842,0.00492889,0.021322431,-0.02371236,0.4,0.0050738966,0.00519401,1.8878149e-05,8944899,-0.16694224,-0.014446059,0.004816108,0.5,0.0006291221,0.0005676957,0.000648706,1,1,1,0,1,0
103766370,103660444,2424842,-0.0032934297,0.008322085,0.0019686336,0.15,2.1542341e-07,2.1342271e-07,1.099701e-06,2424842,0.004925923,0.02133163,-0.02371232,0.4,0.005073896,0.0051939986,1.8879136e-05,8944899,-0.16750023,-0.014967584,0.006152495,0.5,0.0006278783,0.00056645233,0.00064777234,1,1,1,0,1,0
103840223,103733993,2424842,-0.0032932996,0.008322106,0.0019687512,0.15,2.1619535e-07,2.1419548e-07,1.1004713e-06,2424842,0.004998876,0.021466443,-0.02369766,0.4,0.0050738063,0.0051937327,1.888257e-05,8944899,-0.16731986,-0.015690554,0.0053295055,0.5,0.0006270504,0.0005652463,0.00064656686,1,1,1,0,1,0
103902762,103796932,2424842,-0.0032931946,0.008322122,0.001968876,0.15,2.1685473e-07,2.1485569e-07,1.101129e-06,2424842,0.0050376095,0.021544794,-0.023689587,0.4,0.00507376,0.005193589,1.888666e-05,8944899,-0.16608441,-0.01600461,0.00440856,0.5,0.0006265262,0.0005642973,0.00064628053,1,1,1,0,1,0
103965764,103859940,2424842,-0.0032971627,0.008341448,0.0019536363,0.15,2.1521006e-07,2.1390036e-07,1.1007521e-06,2424842,0.0055037285,0.019956816,-0.02379696,0.4,0.005066688,0.0051876474,1.8856388e-05,8944899,-0.16671932,-0.015739975,0.0044534816,0.5,0.00062467536,0.000564017,0.00064626784,1,1,1,0,1,0
104113034,104006904,2424842,-0.003296849,0.008341505,0.0019540037,0.15,2.1675042e-07,2.1544304e-07,1.1022875e-06,2424842,0.0056234393,0.02019577,-0.023772225,0.4,0.0050665517,0.0051872283,1.8864914e-05,8944899,-0.1667502,-0.015353547,0.0055224895,0.5,0.00062119565,0.00056049944,0.0006434514,1,1,1,0,1,0
104154743,104048895,2424842,-0.0033031383,0.0083654625,0.0019314031,0.15,2.1449688e-07,2.1436502e-07,1.1010645e-06,2424842,0.005689668,0.020304931,-0.023759523,0.4,0.005066503,0.0051870905,1.8865983e-05,8944899,-0.16770722,-0.014982296,0.0056270403,0.5,0.0006179853,0.00056001765,0.0006434122,1,1,1,0,1,0
104175662,104069915,2424842,-0.0033030699,0.008365481,0.001931529,0.15,2.1471712e-07,2.145859e-07,1.1012833e-06,2424842,0.005689668,0.020304931,-0.023759523,0.4,0.005066503,0.0051870905,1.8865983e-05,8944899,-0.16780111,-0.015627213,0.004471752,0.5,0.0006174324,0.00055934786,0.0006427959,1,1,1,0,1,0
104249654,104143393,2424842,-0.0033029427,0.008365506,0.0019316435,0.15,2.1548767e-07,2.1535716e-07,1.1020521e-06,2424842,0.005735423,0.020393495,-0.023750229,0.4,0.005066454,0.005186947,1.8865183e-05,8944899,-0.16766693,-0.015028324,0.0035575246,0.5,0.0006170825,0.0005574746,0.0006394057,1,1,1,0,1,0
104322671,104216842,2424842,-0.0033028456,0.008365527,0.0019317635,0.15,2.1625763e-07,2.1612782e-07,1.1028205e-06,2424842,0.005735423,0.020393495,-0.023750229,0.4,0.005066455,0.005186948,1.886617e-05,8944899,-0.1663838,-0.014105057,0.0027152153,0.5,0.00061635143,0.0005560312,0.0006382472,1,1,1,0,1,0
104596327,104489815,2424842,-0.0033132401,0.0083585065,0.0019325897,0.15,2.1447653e-07,2.1571253e-07,1.1047384e-06,2424842,0.0054529114,0.02010308,-0.02382748,0.4,0.0050557717,0.005176473,1.8815881e-05,8944899,-0.16548246,-0.013914327,0.0022296247,0.5,0.0006129277,0.0005526447,0.000635743,1,1,1,0,1,1
104963135,104857220,2424842,-0.003317191,0.00836669,0.0019335286,0.15,2.1375992e-07,2.1602466e-07,1.1082257e-06,2424842,0.0062865643,0.02070821,-0.023749033,0.4,0.0050464487,0.005166953,1.8770346e-05,8944899,-0.16510554,-0.014352588,0.0025229484,0.5,0.0006100758,0.0005487104,0.0006327285,1,1,1,0,1,1
105078628,104972720,2424842,-0.0033170376,0.008366737,0.001933763,0.15,2.1497156e-07,2.1723727e-07,1.1094342e-06,2424842,0.0063236738,0.02079216,-0.023741161,0.4,0.005046361,0.0051666857,1.8777764e-05,8944899,-0.16443312,-0.015308663,0.0023029672,0.5,0.0006093041,0.0005476396,0.0006323422,1,1,1,0,1,1
105141414,105035715,2424842,-0.0033169447,0.00836676,0.0019338786,0.15,2.1563238e-07,2.178986e-07,1.1100935e-06,2424842,0.0063607055,0.020864045,-0.023733728,0.4,0.005046315,0.005166546,1.8781877e-05,8944899,-0.16365409,-0.015778122,0.002723769,0.5,0.0006088622,0.00054720556,0.0006322312,1,1,1,0,1,1
105215245,105109158,2424842,-0.0033222944,0.008355045,0.0019327985,0.15,2.1423561e-07,2.1676527e-07,1.1108336e-06,2424842,0.0057125087,0.020743646,-0.023791833,0.4,0.005041153,0.005162288,1.8752733e-05,8944899,-0.16437615,-0.0152508635,0.0042477744,0.5,0.0006075262,0.00054641144,0.00062967575,1,1,1,0,1,1
105278303,105172201,2424842,-0.003322233,0.008355066,0.0019329172,0.15,2.1489748e-07,2.1742764e-07,1.1114939e-06,2424842,0.0057142912,0.020758115,-0.023791097,0.4,0.0050411085,0.005162153,1.8756922e-05,8944899,-0.1652672,-0.015574421,0.004781027,0.5,0.0006039521,0.0005448979,0.0006270289,1,1,1,0,1,1
105351885,105245652,2424842,-0.0033108115,0.00832382,0.001938784,0.15,2.1305972e-07,2.1633325e-07,1.1117291e-06,2424842,0.004813048,0.022170223,-0.023700563,0.4,0.0050364085,0.0051583154,1.872957e-05,8944899,-0.16588004,-0.015529222,0.0046391203,0.5,0.0006016872,0.00054422405,0.0006266872,1,1,1,0,1,1
105414656,105308634,2424842,-0.0033106923,0.008323842,0.0019388907,0.15,2.1372033e-07,2.1699431e-07,1.1123882e-06,2424842,0.004859559,0.022256311,-0.023691442,0.4,0.0050363634,0.005158183,1.8731822e-05,8944899,-0.16666737,-0.016572578,0.00463162,0.5,0.0006007099,0.0005427339,0.0006256506,1,1,1,0,1,1
105491884,105382134,2424842,-0.0033106103,0.008323863,0.0019390045,0.15,2.144916e-07,2.1776601e-07,1.1131579e-06,2424842,0.004889582,0.022315966,-0.023685418,0.4,0.005036319,0.005158049,1.873699e-05,8944899,-0.1661062,-0.017497407,0.002652165,0.5,0.00059884554,0.0005420474,0.00062146015,1,1,1,0,1,1
105551101,105445160,2424842,-0.0033105211,0.008323884,0.0019391174,0.15,2.1515315e-07,2.18428e-07,1.1138178e-06,2424842,0.004929678,0.022380438,-0.023677887,0.4,0.005036272,0.00515792,1.8740133e-05,8944899,-0.16410771,-0.017036624,0.0013897592,0.5,0.0005932416,0.000540704,0.00061672914,1,1,1,0,1,1
105624491,105518622,2424842,-0.003309917,0.008286745,0.0019368961,0.15,2.1380693e-07,2.1730006e-07,1.1145615e-06,2424842,0.0049558003,0.02243353,-0.023672625,0.4,0.0050362246,0.005157786,1.8740397e-05,8944899,-0.16410379,-0.017182343,0.00015913714,0.5,0.00058837584,0.00053721166,0.00061190967,1,1,1,0,1,1
105698091,105592083,2424842,-0.0033098632,0.008286766,0.0019370131,0.15,2.1457737e-07,2.1807091e-07,1.1153305e-06,2424842,0.0049558003,0.02243353,-0.023672625,0.4,0.0050362255,0.005157787,1.8741379e-05,8944899,-0.16323668,-0.017986158,-0.00046017286,0.5,0.0005877635,0.00053666986,0.0006113089,1,1,1,0,1,1
105971069,105865052,2424842,-0.0033181976,0.008291863,0.0019390545,0.15,2.1451304e-07,2.1739498e-07,1.116059e-06,2424842,0.004934675,0.021894788,-0.023741445,0.4,0.005028201,0.005148257,1.8693443e-05,8944899,-0.16285521,-0.01822384,0.00048400363,0.5,0.00058302656,0.00053407846,0.0006095786,1,1,1,0,1,1
106033751,105928028,2424842,-0.0033181082,0.008291887,0.0019391598,0.15,2.1517349e-07,2.1805592e-07,1.1167181e-06,2424842,0.0049691657,0.021960057,-0.023734717,0.4,0.0050281556,0.0051481277,1.8697674e-05,8944899,-0.16327867,-0.018610857,0.0029377898,0.5,0.0005781369,0.0005325842,0.00060530246,1,1,1,0,1,1
106149203,106043505,2424842,-0.003340481,0.008305977,0.0019293615,0.15,2.1407745e-07,2.176054e-07,1.1175604e-06,2424842,0.006968658,0.022945022,-0.02362792,0.4,0.005022001,0.005142943,1.8672734e-05,8944899,-0.16371155,-0.018295003,0.0037988157,0.5,0.0005750694,0.0005319073,0.00060282444,1,1,1,0,1,1
106244495,106137997,2424842,-0.0033402906,0.008306027,0.001929572,0.15,2.1506847e-07,2.1859734e-07,1.1185485e-06,2424842,0.0070523038,0.023096941,-0.023611877,0.4,0.005021909,0.0051426888,1.8678295e-05,8944899,-0.16498676,-0.018311206,0.003988265,0.5,0.00057237776,0.00053060614,0.0006021399,1,1,1,0,1,1
106306832,106201045,2424842,-0.0033401838,0.008306053,0.001929676,0.15,2.1573045e-07,2.1925977e-07,1.119209e-06,2424842,0.007107065,0.023192702,-0.023601504,0.4,0.0050218613,0.0051425574,1.868249e-05,8944899,-0.16550872,-0.018425202,0.0051726326,0.5,0.00057064,0.00052987604,0.00060099334,1,1,1,0,1,1
106348793,106242939,2424842,-0.0033138562,0.008335325,0.001925801,0.15,2.1362997e-07,2.1808243e-07,1.118905e-06,2424842,0.0077890623,0.022155473,-0.023560526,0.4,0.0050154882,0.0051373583,1.8652761e-05,8944899,-0.165532,-0.018441418,0.0051900386,0.5,0.00056940125,0.00052975497,0.00060096127,1,1,1,0,1,1
106380889,106274498,2424842,-0.003313766,0.008335351,0.0019259063,0.15,2.1396148e-07,2.1841433e-07,1.119235e-06,2424842,0.007827699,0.022225667,-0.023553148,0.4,0.005015441,0.005137232,1.8654086e-05,8944899,-0.1658166,-0.019603902,0.0059441226,0.5,0.0005660119,0.0005279103,0.00059882866,1,1,1,0,1,1
106516887,106410944,2424842,-0.00331351,0.008335402,0.0019261074,0.15,2.1539265e-07,2.1984629e-07,1.1206633e-06,2424842,0.0079884045,0.022484563,-0.02352346,0.4,0.0050153476,0.0051369844,1.8661534e-05,8944899,-0.16660343,-0.02029089,0.006269581,0.5,0.0005640663,0.0005259833,0.00059830607,1,1,1,0,1,1
106590223,106484495,2424842,-0.003316002,0.008335643,0.0019244637,0.15,2.1341955e-07,2.1899523e-07,1.1201495e-06,2424842,0.008408352,0.022928141,-0.023473166,0.4,0.005009426,0.005131576,1.8633327e-05,8944899,-0.16643645,-0.020815453,0.004434183,0.5,0.0005610784,0.00052479777,0.00059591717,1,1,1,0,1,1
106653250,106547420,2424842,-0.0033159058,0.0083356695,0.0019245668,0.15,2.1407904e-07,2.1965502e-07,1.1208076e-06,2424842,0.008457318,0.023013283,-0.023463978,0.4,0.0050093792,0.005131451,1.8637555e-05,8944899,-0.16550063,-0.020577136,0.0038397126,0.5,0.0005599714,0.0005240973,0.00059507,1,1,1,0,1,1
106758094,106652358,2424842,-0.0032724016,0.008364604,0.0019365643,0.15,2.1285175e-07,2.1890082e-07,1.1217152e-06,2424842,0.007493808,0.021656314,-0.023478208,0.4,0.0050041233,0.005126723,1.861288e-05,8944899,-0.1646652,-0.02120081,0.003659568,0.5,0.0005584788,0.00052327407,0.000594694,1,1,1,0,1,1
106793770,106683835,2424842,-0.00327231,0.00836463,0.0019366689,0.15,2.1318164e-07,2.1923098e-07,1.1220435e-06,2424842,0.007539953,0.02173653,-0.023469593,0.4,0.0050040754,0.0051265997,1.8614202e-05,8944899,-0.16528916,-0.021994138,0.0045232396,0.5,0.0005565216,0.0005226145,0.0005939051,1,1,1,0,1,1
106926548,106820388,2424842,-0.003272158,0.008364679,0.0019368839,0.15,2.1461526e-07,2.2066517e-07,1.123474e-06,2424842,0.0075984793,0.021844668,-0.023458533,0.4,0.0050039804,0.005126348,1.8623647e-05,8944899,-0.1651528,-0.022598153,0.0035509982,0.5,0.0005548536,0.00052108837,0.0005926173,1,1,1,0,1,1
106968971,106862320,2424842,-0.0032759167,0.008340688,0.0019341174,0.15,2.1259356e-07,2.191959e-07,1.1233543e-06,2424842,0.008514204,0.024165403,-0.023261555,0.4,0.0049991896,0.0051214388,1.8594608e-05,8944899,-0.16535503,-0.02253205,0.003562303,0.5,0.00055355264,0.00052098016,0.0005926089,1,1,1,0,1,1
107001081,106893883,2424842,-0.003275874,0.0083407145,0.0019342253,0.15,2.129253e-07,2.1952788e-07,1.1236846e-06,2424842,0.008514204,0.024165403,-0.023261555,0.4,0.0049991906,0.0051214397,1.8595598e-05,8944899,-0.16722,-0.023394527,0.0042672525,0.5,0.00055012474,0.00051876233,0.00058938307,1,1,1,0,1,1
107073135,106967308,2424842,-0.003275832,0.008340739,0.0019343279,0.15,2.1369515e-07,2.2029795e-07,1.124453e-06,2424842,0.008514204,0.024165403,-0.023261555,0.4,0.0049991906,0.0051214397,1.8595598e-05,8944899,-0.17070635,-0.026095307,0.007451351,0.5,0.00053719955,0.00050405844,0.00057105237,1,1,1,0,1,1
107136292,107030323,2424842,-0.0032757728,0.00834076,0.00193442,0.15,2.143566e-07,2.209597e-07,1.1251133e-06,2424842,0.008514204,0.024165403,-0.023261555,0.4,0.0049991906,0.0051214397,1.8595598e-05,8944899,-0.1752507,-0.029592793,0.0127309915,0.5,0.0005138127,0.00047336612,0.00053310016,1,1,1,0,1,1
107556269,107450235,2424842,-0.003063565,0.008363652,0.0022064566,0.15,2.1236725e-07,2.199641e-07,1.1230846e-06,2424842,0.008514204,0.024165403,-0.023261555,0.4,0.0049991906,0.0051214397,1.8595598e-05,8944899,-0.16460113,-0.03301002,0.01230441,0.5,0.0005030229,0.00047173188,0.0005330785,1,1,1,0,1,1
